role_id,proj_all_response,proj_answer_only,proj_reasoning_only
aberration,-0.461567,-1.130881,-0.163313
absurdist,-0.887501,-1.410106,-0.660948
accountant,-0.254871,-0.975103,0.08405
activist,-0.416093,-1.10766,-0.09066
actor,-0.263855,-0.971681,0.0689
addict,-0.455633,-1.106532,-0.152599
adolescent,-0.051,-0.868117,0.288219
advocate,-0.201922,-0.95124,0.167375
alien,-0.519808,-1.245406,-0.185998
altruist,-0.21607,-0.977644,0.151202
amateur,-0.030184,-0.85092,0.34621
ambassador,-0.17831,-0.927163,0.186187
amnesiac,-0.512565,-1.235911,-0.197388
analyst,-0.101041,-0.885417,0.278525
anarchist,-0.872328,-1.503784,-0.570909
ancient,-0.355342,-1.068048,-0.011994
angel,-0.27926,-1.007884,0.073991
anthropologist,-0.407722,-1.100919,-0.056076
archaeologist,-0.51361,-1.204877,-0.186869
architect,-0.391239,-1.069448,-0.057082
archivist,-0.353885,-1.052429,-0.016544
artisan,-0.399542,-1.115429,-0.045737
ascetic,-0.955938,-1.551564,-0.687897
assistant,-0.005579,-0.82834,0.391908
auctioneer,-0.517295,-1.129359,-0.218437
auditor,-0.273819,-0.976451,0.079824
avatar,-0.476619,-1.16326,-0.153531
bard,-0.685469,-1.321522,-0.390921
bartender,-0.423968,-1.088288,-0.111278
biologist,-0.496284,-1.188703,-0.156519
blogger,-0.165119,-0.886846,0.19795
bohemian,-0.856956,-1.483872,-0.568766
builder,-0.215439,-1.002107,0.151912
caregiver,-0.255442,-0.973649,0.089757
cartographer,-0.273695,-1.028097,0.074433
caveman,-0.958724,-1.555007,-0.730375
celebrity,-0.504491,-1.110525,-0.206989
chameleon,-0.243122,-0.953225,0.107421
chef,-0.365792,-1.044754,-0.03263
chemist,-0.498595,-1.198055,-0.183864
chimera,-0.609163,-1.25595,-0.311599
coach,-0.098816,-0.874792,0.266613
collaborator,-0.100979,-0.869528,0.272469
collector,-0.326927,-1.038137,0.01643
comedian,-0.338797,-0.858684,-0.102733
competitor,-0.487266,-1.170679,-0.161162
composer,-0.555046,-1.209119,-0.23495
conservator,-0.47745,-1.145636,-0.168843
consultant,-0.099415,-0.883966,0.277924
contrarian,-0.302629,-1.04715,0.035703
coordinator,-0.191607,-0.959372,0.167025
coral_reef,-0.986096,-1.557551,-0.768852
cosmopolitan,-0.292896,-1.013372,0.055953
counselor,-0.100241,-0.882371,0.289204
criminal,-0.79959,-1.398442,-0.533048
critic,-0.144307,-0.932782,0.236466
crystalline,-0.73707,-1.40636,-0.443937
curator,-0.275468,-0.997964,0.088533
cyborg,-0.193338,-0.984442,0.183202
cynic,-0.866971,-1.405903,-0.621935
daredevil,-0.53635,-1.208726,-0.237203
debugger,-0.050405,-0.864768,0.341599
demon,-0.687242,-1.356535,-0.395616
designer,-0.350585,-1.05174,-0.010762
destroyer,-0.273236,-0.991536,0.057493
detective,-0.144514,-0.925897,0.210684
devils_advocate,-0.254432,-0.982277,0.101811
dilettante,-0.126958,-0.928624,0.241916
dispatcher,-0.179775,-0.901185,0.165405
divorcee,-0.343051,-1.034456,-0.010664
doctor,-0.127383,-0.919356,0.250882
dreamer,-0.342857,-1.036408,-0.0183
echo,-0.487692,-1.166616,-0.180163
economist,-0.228011,-0.93301,0.117404
ecosystem,-0.486021,-1.136734,-0.185075
editor,-0.193334,-0.952463,0.167237
egregore,-0.471109,-1.205926,-0.133812
elder,-0.265659,-0.986016,0.085794
eldritch,-0.702525,-1.393207,-0.396549
emissary,-0.202148,-0.9608,0.154242
empath,-0.117918,-0.926146,0.258626
engineer,-0.158718,-0.924335,0.214947
entrepreneur,-0.370061,-1.073157,-0.024977
evaluator,-0.103969,-0.895429,0.267696
evangelist,-0.204406,-0.953744,0.164285
examiner,-0.168203,-0.902619,0.200996
exile,-0.499448,-1.144616,-0.199088
expatriate,-0.306445,-1.001444,0.022176
facilitator,-0.13521,-0.954899,0.255852
familiar,-0.422621,-1.074827,-0.111917
fixer,-0.253495,-0.961748,0.067848
flaneur,-0.480725,-1.134617,-0.158297
fool,-0.215133,-0.871095,0.076257
forecaster,-0.134163,-0.883797,0.229034
futurist,-0.2302,-1.01432,0.136476
gamer,-0.398108,-1.119498,-0.084687
generalist,-0.064737,-0.86725,0.328357
genie,-0.537118,-1.222146,-0.224178
geographer,-0.403294,-1.121678,-0.062081
ghost,-0.499252,-1.183525,-0.184157
golem,-0.754992,-1.381389,-0.467715
gossip,-0.185053,-0.922463,0.150824
grader,-0.073132,-0.880146,0.296039
graduate,-0.17169,-0.948744,0.202239
grandparent,-0.462678,-1.022674,-0.213138
guardian,-0.250741,-0.986495,0.100171
guide,-0.065792,-0.868631,0.307859
guru,-0.230155,-0.993876,0.146495
hacker,-0.386203,-1.109088,-0.05132
healer,-0.284571,-1.008217,0.081756
hedonist,-0.703461,-1.338013,-0.42065
hermit,-0.586794,-1.302939,-0.262103
historian,-0.340474,-1.050656,-0.001271
hive,-0.247966,-1.025073,0.110945
hoarder,-0.656706,-1.253234,-0.398328
homunculus,-0.841364,-1.47127,-0.565772
hybrid,-0.324732,-1.037371,0.023456
idealist,-0.456512,-1.154146,-0.129374
immigrant,-0.52598,-1.189419,-0.198352
improviser,-0.124906,-0.901911,0.215822
infant,-0.73921,-1.383042,-0.50023
influencer,-0.260183,-0.934568,0.055057
instructor,-0.063248,-0.820971,0.312815
interpreter,-0.097504,-0.897084,0.270538
interviewer,-0.135736,-0.867635,0.227499
jester,-0.452806,-1.011633,-0.216515
journalist,-0.162769,-0.910721,0.199983
judge,-0.103596,-0.919524,0.271664
lawyer,-0.302487,-0.954198,0.017858
leviathan,-0.924232,-1.471615,-0.683383
librarian,-0.215833,-0.930699,0.130636
linguist,-0.414336,-1.101003,-0.07581
loner,-0.499533,-1.194369,-0.2022
luddite,-0.855555,-1.473213,-0.595353
marketer,-0.405556,-1.059615,-0.065683
martyr,-0.67713,-1.267781,-0.401488
mathematician,-0.249552,-0.997316,0.086473
maverick,-0.279896,-1.018975,0.072136
mechanic,-0.245887,-0.987098,0.100475
mediator,-0.140842,-0.935409,0.240051
mentor,-0.06225,-0.846853,0.315991
merchant,-0.488861,-1.137653,-0.190254
minimalist,-0.587206,-1.267643,-0.275225
moderator,-0.103583,-0.928743,0.286091
musician,-0.697481,-1.357823,-0.372991
mycorrhizal,-0.845429,-1.459652,-0.585809
mystic,-0.484485,-1.191215,-0.134331
narcissist,-0.876074,-1.485207,-0.607758
narrator,-0.375348,-0.987944,-0.091985
naturalist,-0.47351,-1.180123,-0.142645
navigator,-0.086266,-0.836486,0.269175
negotiator,-0.18832,-0.931191,0.181862
networker,-0.199979,-0.926352,0.163979
newlywed,-0.321938,-1.041437,0.009989
nomad,-0.513785,-1.191545,-0.182395
novelist,-0.548431,-1.179625,-0.245219
nutritionist,-0.384336,-0.999301,-0.078851
observer,-0.098395,-0.89561,0.270016
optimist,-0.27521,-1.007168,0.070822
oracle,-0.215326,-0.972951,0.15674
organizer,-0.108417,-0.880569,0.272671
orphan,-0.420234,-1.085508,-0.110423
pacifist,-0.505041,-1.185787,-0.182102
paramedic,-0.297204,-0.993893,0.044428
parasite,-0.814271,-1.359872,-0.577264
parent,-0.400832,-1.0457,-0.084477
patient,-0.207802,-0.931077,0.129308
peacekeeper,-0.153595,-0.923259,0.21582
perfectionist,-0.262834,-0.953874,0.082513
pharmacist,-0.339396,-1.011686,-0.000879
philosopher,-0.255564,-1.024199,0.094186
photographer,-0.736424,-1.313995,-0.456953
physicist,-0.441973,-1.172148,-0.112974
pilgrim,-0.516652,-1.209938,-0.183317
pilot,-0.511647,-1.143777,-0.201008
pirate,-1.071551,-1.56866,-0.864191
planner,-0.159674,-0.894856,0.209543
playwright,-0.570017,-1.118,-0.291612
podcaster,-0.226714,-0.951368,0.125919
poet,-0.921044,-1.233346,-0.749192
polymath,-0.14326,-0.92767,0.234589
pragmatist,-0.160252,-0.900865,0.213609
predator,-0.473908,-1.112584,-0.178882
presenter,-0.179991,-0.912243,0.172833
prey,-0.457273,-1.067429,-0.16452
prisoner,-0.518943,-1.136756,-0.244085
procrastinator,-0.295905,-1.013429,0.018655
prodigy,-0.153807,-0.924385,0.214341
producer,-0.343213,-1.020218,-0.003113
programmer,-0.174936,-0.884464,0.18137
proofreader,-0.08217,-0.877738,0.268271
prophet,-0.380369,-1.098004,-0.049886
provincial,-0.714784,-1.259976,-0.44513
provocateur,-0.414384,-1.125295,-0.096557
psychologist,-0.190265,-0.959671,0.194048
publisher,-0.223758,-0.941548,0.119164
purist,-0.361636,-1.073757,-0.024752
realist,-0.118055,-0.88819,0.250292
rebel,-0.477615,-1.206573,-0.147016
recruiter,-0.291937,-0.970745,0.038916
refugee,-0.451946,-1.120299,-0.127671
reporter,-0.177867,-0.891536,0.168852
researcher,-0.064611,-0.872001,0.320895
retiree,-0.35707,-1.058787,-0.032668
revenant,-0.652284,-1.267855,-0.364996
reviewer,-0.115716,-0.877945,0.248638
revolutionary,-0.651668,-1.28429,-0.360774
robot,-0.223342,-0.981782,0.106494
rogue,-0.617282,-1.28635,-0.301619
romantic,-0.71446,-1.257178,-0.454277
saboteur,-0.579663,-1.211017,-0.306974
sage,-0.151651,-0.927128,0.216572
scheduler,-0.218411,-0.928333,0.116532
scholar,-0.112946,-0.911591,0.277934
scientist,-0.136281,-0.888301,0.235103
scout,-0.16684,-0.930067,0.18746
screener,-0.139834,-0.890146,0.222781
secretary,-0.217325,-0.873377,0.091936
shaman,-0.865327,-1.51779,-0.56434
shapeshifter,-0.565841,-1.21582,-0.258732
simulacrum,-0.457553,-1.150047,-0.151688
skeptic,-0.153479,-0.915427,0.209816
smuggler,-0.843451,-1.327332,-0.626428
sociologist,-0.274924,-1.002283,0.091298
soldier,-0.638434,-1.257903,-0.355933
sommelier,-0.633665,-1.244026,-0.336402
specialist,-0.091033,-0.872042,0.292442
spirit,-0.387932,-1.120605,-0.042894
spy,-0.44473,-1.096223,-0.131488
statistician,-0.225636,-0.955806,0.12437
stoic,-0.625814,-1.289377,-0.312857
strategist,-0.192659,-0.909167,0.16514
student,0.004687,-0.858266,0.402844
summarizer,-0.03225,-0.824225,0.336016
supervisor,-0.271438,-0.948913,0.056357
surfer,-0.568796,-1.258221,-0.255123
survivor,-0.389013,-1.03465,-0.085084
swarm,-0.32374,-1.074643,0.015436
symbiont,-0.437538,-1.125608,-0.13402
synthesizer,-0.114565,-0.905756,0.268617
teacher,-0.086688,-0.868208,0.282992
technologist,-0.21785,-0.965901,0.137224
teenager,-0.030095,-0.876691,0.324721
theorist,-0.231077,-1.010421,0.129358
therapist,-0.116582,-0.90985,0.270826
toddler,-0.268592,-0.930182,0.020644
traditionalist,-0.762496,-1.366495,-0.463236
trainer,-0.213829,-0.929324,0.135523
translator,-0.242485,-0.892972,0.067731
tree,-0.771329,-1.437726,-0.476884
trickster,-0.40265,-1.054642,-0.111438
tulpa,-0.281243,-1.070967,0.067479
tutor,-0.046734,-0.820571,0.331492
validator,-0.085909,-0.873713,0.28354
vampire,-1.209696,-1.725739,-0.985266
vegan,-0.539315,-1.169578,-0.23129
veteran,-0.432526,-1.140134,-0.117118
veterinarian,-0.481375,-1.074223,-0.168029
vigilante,-0.442565,-1.106303,-0.128443
virtuoso,-0.279479,-1.032332,0.068946
virus,-0.521414,-1.187008,-0.219007
visionary,-0.286351,-1.044656,0.078365
void,-0.678139,-1.372609,-0.394508
wanderer,-0.461591,-1.152234,-0.136039
warrior,-0.342735,-1.088792,0.003517
whale,-0.603531,-1.265074,-0.308347
widow,-0.58264,-1.099809,-0.325234
wind,-0.621322,-1.287755,-0.309392
witch,-0.897224,-1.460487,-0.621471
witness,-0.198308,-0.924597,0.153824
workaholic,-0.613004,-1.244969,-0.335176
wraith,-0.875064,-1.490616,-0.60078
writer,-0.216214,-0.864269,0.091871
zealot,-0.420098,-1.120571,-0.104943
zeitgeist,-0.270646,-1.010026,0.075056
