analysis,analysis_status,component,explained_variance_ratio,cumulative_explained_variance
all_response_primary_all_eligible,PRIMARY,1,0.19315125407801578,0.19315125407801578
all_response_primary_all_eligible,PRIMARY,2,0.07296965173460043,0.2661209058126162
all_response_primary_all_eligible,PRIMARY,3,0.059990394389437755,0.326111300202054
all_response_primary_all_eligible,PRIMARY,4,0.05699948468083632,0.3831107848828903
all_response_primary_all_eligible,PRIMARY,5,0.0538176498508209,0.4369284347337112
all_response_primary_all_eligible,PRIMARY,6,0.04217538965077593,0.4791038243844871
all_response_primary_all_eligible,PRIMARY,7,0.03196983133871448,0.5110736557232016
all_response_primary_all_eligible,PRIMARY,8,0.027147375842688913,0.5382210315658905
all_response_primary_all_eligible,PRIMARY,9,0.026016570461488128,0.5642376020273786
all_response_primary_all_eligible,PRIMARY,10,0.022519347400323082,0.5867569494277017
all_response_primary_all_eligible,PRIMARY,11,0.019036558938228698,0.6057935083659305
all_response_primary_all_eligible,PRIMARY,12,0.017603398691128574,0.6233969070570591
all_response_primary_all_eligible,PRIMARY,13,0.016390439951555275,0.6397873470086144
all_response_primary_all_eligible,PRIMARY,14,0.01573908056284746,0.6555264275714618
all_response_primary_all_eligible,PRIMARY,15,0.013700172038884528,0.6692265996103464
all_response_primary_all_eligible,PRIMARY,16,0.012425105095442953,0.6816517047057893
all_response_primary_all_eligible,PRIMARY,17,0.01191044297010826,0.6935621476758975
all_response_primary_all_eligible,PRIMARY,18,0.010690733936842564,0.7042528816127401
all_response_primary_all_eligible,PRIMARY,19,0.01024614119921469,0.7144990228119549
all_response_primary_all_eligible,PRIMARY,20,0.00986436350196989,0.7243633863139247
all_response_primary_all_eligible,PRIMARY,21,0.009137125700370686,0.7335005120142954
all_response_primary_all_eligible,PRIMARY,22,0.008695009663132369,0.7421955216774279
all_response_primary_all_eligible,PRIMARY,23,0.008077590130581345,0.7502731118080092
all_response_primary_all_eligible,PRIMARY,24,0.00761951009298762,0.7578926219009968
all_response_primary_all_eligible,PRIMARY,25,0.007412961201672212,0.765305583102669
all_response_primary_all_eligible,PRIMARY,26,0.007169864338514045,0.7724754474411831
all_response_primary_all_eligible,PRIMARY,27,0.006369009574576694,0.7788444570157598
all_response_primary_all_eligible,PRIMARY,28,0.006217840268794553,0.7850622972845543
all_response_primary_all_eligible,PRIMARY,29,0.00607054124870134,0.7911328385332557
all_response_primary_all_eligible,PRIMARY,30,0.005673927355374865,0.7968067658886305
all_response_primary_all_eligible,PRIMARY,31,0.005518464013394699,0.8023252299020253
all_response_primary_all_eligible,PRIMARY,32,0.005463688092191663,0.8077889179942169
all_response_primary_all_eligible,PRIMARY,33,0.00502830423856731,0.8128172222327842
all_response_primary_all_eligible,PRIMARY,34,0.004755176567938425,0.8175723988007226
all_response_primary_all_eligible,PRIMARY,35,0.0047160833980391175,0.8222884821987617
all_response_primary_all_eligible,PRIMARY,36,0.004573375766864055,0.8268618579656257
all_response_primary_all_eligible,PRIMARY,37,0.00432153622606016,0.8311833941916859
all_response_primary_all_eligible,PRIMARY,38,0.004251837019130074,0.835435231210816
all_response_primary_all_eligible,PRIMARY,39,0.004013407274401016,0.839448638485217
all_response_primary_all_eligible,PRIMARY,40,0.0038227106594912485,0.8432713491447082
all_response_primary_all_eligible,PRIMARY,41,0.0036957065207729486,0.8469670556654812
all_response_primary_all_eligible,PRIMARY,42,0.0036509515351558375,0.8506180072006371
all_response_primary_all_eligible,PRIMARY,43,0.003558878998456835,0.8541768861990939
all_response_primary_all_eligible,PRIMARY,44,0.003398904964326878,0.8575757911634209
all_response_primary_all_eligible,PRIMARY,45,0.0032690327070885312,0.8608448238705094
all_response_primary_all_eligible,PRIMARY,46,0.003248490394931114,0.8640933142654406
all_response_primary_all_eligible,PRIMARY,47,0.003112007545776124,0.8672053218112167
all_response_primary_all_eligible,PRIMARY,48,0.00301158686289928,0.8702169086741159
all_response_primary_all_eligible,PRIMARY,49,0.002935643278397055,0.873152551952513
all_response_primary_all_eligible,PRIMARY,50,0.002797893628975233,0.8759504455814882
all_response_primary_all_eligible,PRIMARY,51,0.0027852320088744423,0.8787356775903626
all_response_primary_all_eligible,PRIMARY,52,0.002725522609382244,0.8814612001997448
all_response_primary_all_eligible,PRIMARY,53,0.002633752789215048,0.8840949529889599
all_response_primary_all_eligible,PRIMARY,54,0.0025284737872197007,0.8866234267761796
all_response_primary_all_eligible,PRIMARY,55,0.002511246787745944,0.8891346735639255
all_response_primary_all_eligible,PRIMARY,56,0.0023416294107668966,0.8914763029746924
all_response_primary_all_eligible,PRIMARY,57,0.002314411783734402,0.8937907147584268
all_response_primary_all_eligible,PRIMARY,58,0.0022336416625020187,0.8960243564209288
all_response_primary_all_eligible,PRIMARY,59,0.002189821699624426,0.8982141781205533
all_response_primary_all_eligible,PRIMARY,60,0.0021222911304613653,0.9003364692510146
all_response_primary_all_eligible,PRIMARY,61,0.0020950613221293727,0.902431530573144
all_response_primary_all_eligible,PRIMARY,62,0.0020526803281725407,0.9044842109013165
all_response_primary_all_eligible,PRIMARY,63,0.0020391577335699728,0.9065233686348865
all_response_primary_all_eligible,PRIMARY,64,0.0019388356619319932,0.9084622042968185
all_response_primary_all_eligible,PRIMARY,65,0.0019153331488325513,0.910377537445651
all_response_primary_all_eligible,PRIMARY,66,0.001868350266446871,0.9122458877120978
all_response_primary_all_eligible,PRIMARY,67,0.0018162238846100292,0.9140621115967078
all_response_primary_all_eligible,PRIMARY,68,0.001796573081119586,0.9158586846778274
all_response_primary_all_eligible,PRIMARY,69,0.0017813292499743907,0.9176400139278018
all_response_primary_all_eligible,PRIMARY,70,0.0017270192239317798,0.9193670331517336
all_response_primary_all_eligible,PRIMARY,71,0.0016772804186531594,0.9210443135703867
all_response_primary_all_eligible,PRIMARY,72,0.0016338563126281208,0.9226781698830149
all_response_primary_all_eligible,PRIMARY,73,0.0016135842542965271,0.9242917541373113
all_response_primary_all_eligible,PRIMARY,74,0.0015796292522207351,0.9258713833895321
all_response_primary_all_eligible,PRIMARY,75,0.0015683924561796922,0.9274397758457118
all_response_primary_all_eligible,PRIMARY,76,0.0014829967067059814,0.9289227725524177
all_response_primary_all_eligible,PRIMARY,77,0.001462757358194061,0.9303855299106117
all_response_primary_all_eligible,PRIMARY,78,0.00140203860734737,0.9317875685179591
all_response_primary_all_eligible,PRIMARY,79,0.0013905422897993146,0.9331781108077584
all_response_primary_all_eligible,PRIMARY,80,0.001374775811106499,0.9345528866188648
all_response_primary_all_eligible,PRIMARY,81,0.0013323827584976388,0.9358852693773625
all_response_primary_all_eligible,PRIMARY,82,0.0013062762342500292,0.9371915456116126
all_response_primary_all_eligible,PRIMARY,83,0.001270830692313587,0.9384623763039261
all_response_primary_all_eligible,PRIMARY,84,0.0012505963632864242,0.9397129726672125
all_response_primary_all_eligible,PRIMARY,85,0.0012220091229341794,0.9409349817901467
all_response_primary_all_eligible,PRIMARY,86,0.001197360075133876,0.9421323418652805
all_response_primary_all_eligible,PRIMARY,87,0.0011823545668408196,0.9433146964321213
all_response_primary_all_eligible,PRIMARY,88,0.0011671668131191717,0.9444818632452404
all_response_primary_all_eligible,PRIMARY,89,0.0011589691490940545,0.9456408323943345
all_response_primary_all_eligible,PRIMARY,90,0.0011372053968410796,0.9467780377911755
all_response_primary_all_eligible,PRIMARY,91,0.0010438353744099248,0.9478218731655854
all_response_primary_all_eligible,PRIMARY,92,0.0010188329981667178,0.9488407061637522
all_response_primary_all_eligible,PRIMARY,93,0.0010004821359704528,0.9498411882997226
all_response_primary_all_eligible,PRIMARY,94,0.0009970805042292228,0.9508382688039518
all_response_primary_all_eligible,PRIMARY,95,0.0009883527574153091,0.9518266215613671
all_response_primary_all_eligible,PRIMARY,96,0.0009514189838693971,0.9527780405452365
all_response_primary_all_eligible,PRIMARY,97,0.0009347151108647113,0.9537127556561013
all_response_primary_all_eligible,PRIMARY,98,0.0009200314266151965,0.9546327870827165
all_response_primary_all_eligible,PRIMARY,99,0.0009049979761410117,0.9555377850588574
all_response_primary_all_eligible,PRIMARY,100,0.000891068417027397,0.9564288534758848
all_response_primary_all_eligible,PRIMARY,101,0.0008664447802083427,0.9572952982560932
all_response_primary_all_eligible,PRIMARY,102,0.0008566264865473859,0.9581519247426405
all_response_primary_all_eligible,PRIMARY,103,0.0008449813552087543,0.9589969060978493
all_response_primary_all_eligible,PRIMARY,104,0.0008222778703035579,0.9598191839681528
all_response_primary_all_eligible,PRIMARY,105,0.0007981555515230651,0.9606173395196759
all_response_primary_all_eligible,PRIMARY,106,0.0007860196055474274,0.9614033591252233
all_response_primary_all_eligible,PRIMARY,107,0.0007726768994939289,0.9621760360247172
all_response_primary_all_eligible,PRIMARY,108,0.0007657137464392842,0.9629417497711565
all_response_primary_all_eligible,PRIMARY,109,0.0007286764083109035,0.9636704261794674
all_response_primary_all_eligible,PRIMARY,110,0.0007059731088947768,0.9643763992883622
all_response_primary_all_eligible,PRIMARY,111,0.0006933865588624852,0.9650697858472247
all_response_primary_all_eligible,PRIMARY,112,0.0006848048343560031,0.9657545906815806
all_response_primary_all_eligible,PRIMARY,113,0.0006721611349748206,0.9664267518165555
all_response_primary_all_eligible,PRIMARY,114,0.0006533234959588757,0.9670800753125144
all_response_primary_all_eligible,PRIMARY,115,0.000633795046909318,0.9677138703594237
all_response_primary_all_eligible,PRIMARY,116,0.0006314897740600298,0.9683453601334837
all_response_primary_all_eligible,PRIMARY,117,0.0006280057740570519,0.9689733659075408
all_response_primary_all_eligible,PRIMARY,118,0.000604705300255614,0.9695780712077964
all_response_primary_all_eligible,PRIMARY,119,0.0006017482769166155,0.970179819484713
all_response_primary_all_eligible,PRIMARY,120,0.0005832940063501662,0.9707631134910631
all_response_primary_all_eligible,PRIMARY,121,0.0005808665031599814,0.9713439799942232
all_response_primary_all_eligible,PRIMARY,122,0.0005679328695023366,0.9719119128637255
all_response_primary_all_eligible,PRIMARY,123,0.0005612558068694165,0.9724731686705949
all_response_primary_all_eligible,PRIMARY,124,0.0005487496600420115,0.9730219183306369
all_response_primary_all_eligible,PRIMARY,125,0.0005357650745877432,0.9735576834052246
all_response_primary_all_eligible,PRIMARY,126,0.000521690801061967,0.9740793742062867
all_response_primary_all_eligible,PRIMARY,127,0.0005134992191838976,0.9745928734254705
all_response_primary_all_eligible,PRIMARY,128,0.0005066660681635375,0.975099539493634
all_response_primary_all_eligible,PRIMARY,129,0.0004912716638059651,0.97559081115744
all_response_primary_all_eligible,PRIMARY,130,0.0004835301344979496,0.9760743412919379
all_response_primary_all_eligible,PRIMARY,131,0.00047398464931951904,0.9765483259412574
all_response_primary_all_eligible,PRIMARY,132,0.0004634391117550847,0.9770117650530125
all_response_primary_all_eligible,PRIMARY,133,0.00045489584762488107,0.9774666609006374
all_response_primary_all_eligible,PRIMARY,134,0.0004459173426051683,0.9779125782432425
all_response_primary_all_eligible,PRIMARY,135,0.00043802492899029725,0.9783506031722328
all_response_primary_all_eligible,PRIMARY,136,0.0004211319796380948,0.9787717351518709
all_response_primary_all_eligible,PRIMARY,137,0.00041313894877825514,0.9791848741006491
all_response_primary_all_eligible,PRIMARY,138,0.0004107146678811971,0.9795955887685304
all_response_primary_all_eligible,PRIMARY,139,0.0004029893926321141,0.9799985781611625
all_response_primary_all_eligible,PRIMARY,140,0.0003955414582567807,0.9803941196194194
all_response_primary_all_eligible,PRIMARY,141,0.0003842371457989586,0.9807783567652183
all_response_primary_all_eligible,PRIMARY,142,0.0003771019550352146,0.9811554587202536
all_response_primary_all_eligible,PRIMARY,143,0.00037253756022073475,0.9815279962804743
all_response_primary_all_eligible,PRIMARY,144,0.0003634459412827945,0.9818914422217571
all_response_primary_all_eligible,PRIMARY,145,0.00035908993156491667,0.982250532153322
all_response_primary_all_eligible,PRIMARY,146,0.00034696163165012626,0.9825974937849722
all_response_primary_all_eligible,PRIMARY,147,0.0003454950695309742,0.9829429888545032
all_response_primary_all_eligible,PRIMARY,148,0.0003396830425757057,0.9832826718970789
all_response_primary_all_eligible,PRIMARY,149,0.0003357813620860284,0.9836184532591649
all_response_primary_all_eligible,PRIMARY,150,0.0003335951850956308,0.9839520484442605
all_response_primary_all_eligible,PRIMARY,151,0.0003263006292786387,0.9842783490735392
all_response_primary_all_eligible,PRIMARY,152,0.0003097193237745531,0.9845880683973137
all_response_primary_all_eligible,PRIMARY,153,0.00030468642821188547,0.9848927548255256
all_response_primary_all_eligible,PRIMARY,154,0.0002990302233055957,0.9851917850488312
all_response_primary_all_eligible,PRIMARY,155,0.00029829850117017655,0.9854900835500013
all_response_primary_all_eligible,PRIMARY,156,0.00029609984822004837,0.9857861833982214
all_response_primary_all_eligible,PRIMARY,157,0.00029076606579075324,0.9860769494640121
all_response_primary_all_eligible,PRIMARY,158,0.00028441995759125667,0.9863613694216034
all_response_primary_all_eligible,PRIMARY,159,0.00027795281120373676,0.986639322232807
all_response_primary_all_eligible,PRIMARY,160,0.000269275701431758,0.9869085979342388
all_response_primary_all_eligible,PRIMARY,161,0.00026723482222566953,0.9871758327564645
all_response_primary_all_eligible,PRIMARY,162,0.00026040364441543457,0.98743623640088
all_response_primary_all_eligible,PRIMARY,163,0.00025292507759144334,0.9876891614784714
all_response_primary_all_eligible,PRIMARY,164,0.0002496984959118123,0.9879388599743832
all_response_primary_all_eligible,PRIMARY,165,0.0002451160486535261,0.9881839760230368
all_response_primary_all_eligible,PRIMARY,166,0.0002381872477437724,0.9884221632707806
all_response_primary_all_eligible,PRIMARY,167,0.00023614819556253943,0.9886583114663431
all_response_primary_all_eligible,PRIMARY,168,0.00023189332301253731,0.9888902047893556
all_response_primary_all_eligible,PRIMARY,169,0.00022691470913094859,0.9891171194984866
all_response_primary_all_eligible,PRIMARY,170,0.00022328963376254437,0.9893404091322491
all_response_primary_all_eligible,PRIMARY,171,0.00022060534156397534,0.9895610144738131
all_response_primary_all_eligible,PRIMARY,172,0.0002178826789099034,0.9897788971527229
all_response_primary_all_eligible,PRIMARY,173,0.00021307422384561953,0.9899919713765686
all_response_primary_all_eligible,PRIMARY,174,0.00021192952542247882,0.9902039009019911
all_response_primary_all_eligible,PRIMARY,175,0.0002094959480180921,0.9904133968500092
all_response_primary_all_eligible,PRIMARY,176,0.00020542243543309052,0.9906188192854423
all_response_primary_all_eligible,PRIMARY,177,0.00020135375976678026,0.9908201730452091
all_response_primary_all_eligible,PRIMARY,178,0.00019731938195833472,0.9910174924271674
all_response_primary_all_eligible,PRIMARY,179,0.00019036126076590052,0.9912078536879333
all_response_primary_all_eligible,PRIMARY,180,0.0001860769277803651,0.9913939306157137
all_response_primary_all_eligible,PRIMARY,181,0.00018120202754029054,0.9915751326432539
all_response_primary_all_eligible,PRIMARY,182,0.00017824045997590662,0.9917533731032299
all_response_primary_all_eligible,PRIMARY,183,0.0001763887346219604,0.9919297618378519
all_response_primary_all_eligible,PRIMARY,184,0.000173956836538642,0.9921037186743905
all_response_primary_all_eligible,PRIMARY,185,0.00017162416860927804,0.9922753428429998
all_response_primary_all_eligible,PRIMARY,186,0.00016730930886934867,0.9924426521518691
all_response_primary_all_eligible,PRIMARY,187,0.00016496960381223217,0.9926076217556813
all_response_primary_all_eligible,PRIMARY,188,0.00016232121520058613,0.9927699429708818
all_response_primary_all_eligible,PRIMARY,189,0.00016025067768230238,0.9929301936485642
all_response_primary_all_eligible,PRIMARY,190,0.00015726490981646105,0.9930874585583807
all_response_primary_all_eligible,PRIMARY,191,0.0001559180744773051,0.993243376632858
all_response_primary_all_eligible,PRIMARY,192,0.00015406448825314322,0.9933974411211112
all_response_primary_all_eligible,PRIMARY,193,0.00015080564526581046,0.993548246766377
all_response_primary_all_eligible,PRIMARY,194,0.0001491790475965418,0.9936974258139736
all_response_primary_all_eligible,PRIMARY,195,0.00014593497666204582,0.9938433607906356
all_response_primary_all_eligible,PRIMARY,196,0.00014381407789286268,0.9939871748685285
all_response_primary_all_eligible,PRIMARY,197,0.00014247961735532397,0.9941296544858839
all_response_primary_all_eligible,PRIMARY,198,0.00014025094060410155,0.994269905426488
all_response_primary_all_eligible,PRIMARY,199,0.0001395936918609411,0.9944094991183489
all_response_primary_all_eligible,PRIMARY,200,0.0001369882301955239,0.9945464873485443
all_response_primary_all_eligible,PRIMARY,201,0.00013489050900504097,0.9946813778575494
all_response_primary_all_eligible,PRIMARY,202,0.00012855409930230798,0.9948099319568517
all_response_primary_all_eligible,PRIMARY,203,0.0001257014390845704,0.9949356333959363
all_response_primary_all_eligible,PRIMARY,204,0.00012471458824827463,0.9950603479841845
all_response_primary_all_eligible,PRIMARY,205,0.0001235794083201767,0.9951839273925047
all_response_primary_all_eligible,PRIMARY,206,0.0001206627332443726,0.9953045901257491
all_response_primary_all_eligible,PRIMARY,207,0.00011754088811190543,0.995422131013861
all_response_primary_all_eligible,PRIMARY,208,0.00011505069726052817,0.9955371817111215
all_response_primary_all_eligible,PRIMARY,209,0.00011329587301191842,0.9956504775841334
all_response_primary_all_eligible,PRIMARY,210,0.00011184810662047631,0.9957623256907538
all_response_primary_all_eligible,PRIMARY,211,0.00011083687856461729,0.9958731625693185
all_response_primary_all_eligible,PRIMARY,212,0.00010922561358248614,0.995982388182901
all_response_primary_all_eligible,PRIMARY,213,0.00010816632487909354,0.9960905545077801
all_response_primary_all_eligible,PRIMARY,214,0.00010689081533583978,0.9961974453231159
all_response_primary_all_eligible,PRIMARY,215,0.00010286982271540656,0.9963003151458314
all_response_primary_all_eligible,PRIMARY,216,0.00010026066541763983,0.9964005758112491
all_response_primary_all_eligible,PRIMARY,217,9.854387859559399e-05,0.9964991196898447
all_response_primary_all_eligible,PRIMARY,218,9.774660800466824e-05,0.9965968662978494
all_response_primary_all_eligible,PRIMARY,219,9.547096317875457e-05,0.9966923372610281
all_response_primary_all_eligible,PRIMARY,220,9.249401715673076e-05,0.9967848312781848
all_response_primary_all_eligible,PRIMARY,221,9.205328857600067e-05,0.9968768845667608
all_response_primary_all_eligible,PRIMARY,222,9.060445919867198e-05,0.9969674890259594
all_response_primary_all_eligible,PRIMARY,223,8.950300484860362e-05,0.997056992030808
all_response_primary_all_eligible,PRIMARY,224,8.813005292973289e-05,0.9971451220837377
all_response_primary_all_eligible,PRIMARY,225,8.703711117311337e-05,0.9972321591949108
all_response_primary_all_eligible,PRIMARY,226,8.579262818330742e-05,0.9973179518230941
all_response_primary_all_eligible,PRIMARY,227,8.386689525567245e-05,0.9974018187183498
all_response_primary_all_eligible,PRIMARY,228,8.301171205087509e-05,0.9974848304304006
all_response_primary_all_eligible,PRIMARY,229,8.270803222039636e-05,0.997567538462621
all_response_primary_all_eligible,PRIMARY,230,7.939870518623042e-05,0.9976469371678073
all_response_primary_all_eligible,PRIMARY,231,7.787770302160682e-05,0.9977248148708289
all_response_primary_all_eligible,PRIMARY,232,7.657401453513697e-05,0.997801388885364
all_response_primary_all_eligible,PRIMARY,233,7.520584829449325e-05,0.9978765947336584
all_response_primary_all_eligible,PRIMARY,234,7.370068391318778e-05,0.9979502954175716
all_response_primary_all_eligible,PRIMARY,235,7.334796118572097e-05,0.9980236433787574
all_response_primary_all_eligible,PRIMARY,236,7.185550978164207e-05,0.998095498888539
all_response_primary_all_eligible,PRIMARY,237,6.99274301568821e-05,0.9981654263186959
all_response_primary_all_eligible,PRIMARY,238,6.819351545323924e-05,0.9982336198341492
all_response_primary_all_eligible,PRIMARY,239,6.708625490953252e-05,0.9983007060890587
all_response_primary_all_eligible,PRIMARY,240,6.67738088636959e-05,0.9983674798979224
all_response_primary_all_eligible,PRIMARY,241,6.549845124989468e-05,0.9984329783491723
all_response_primary_all_eligible,PRIMARY,242,6.389936701271839e-05,0.998496877716185
all_response_primary_all_eligible,PRIMARY,243,6.295927923594096e-05,0.998559836995421
all_response_primary_all_eligible,PRIMARY,244,6.200911281782843e-05,0.9986218461082388
all_response_primary_all_eligible,PRIMARY,245,6.016350457227112e-05,0.9986820096128111
all_response_primary_all_eligible,PRIMARY,246,5.840607007138688e-05,0.9987404156828824
all_response_primary_all_eligible,PRIMARY,247,5.814996337169122e-05,0.9987985656462541
all_response_primary_all_eligible,PRIMARY,248,5.737339422806996e-05,0.9988559390404822
all_response_primary_all_eligible,PRIMARY,249,5.684144259244682e-05,0.9989127804830746
all_response_primary_all_eligible,PRIMARY,250,5.516127575622025e-05,0.9989679417588309
all_response_primary_all_eligible,PRIMARY,251,5.476061475475247e-05,0.9990227023735856
all_response_primary_all_eligible,PRIMARY,252,5.215149218993012e-05,0.9990748538657755
all_response_primary_all_eligible,PRIMARY,253,5.1564940145828364e-05,0.9991264188059213
all_response_primary_all_eligible,PRIMARY,254,5.067823921696484e-05,0.9991770970451384
all_response_primary_all_eligible,PRIMARY,255,5.064019659545013e-05,0.9992277372417337
all_response_primary_all_eligible,PRIMARY,256,4.954568325635225e-05,0.9992772829249901
all_response_primary_all_eligible,PRIMARY,257,4.768259721165668e-05,0.9993249655222017
all_response_primary_all_eligible,PRIMARY,258,4.687547074633209e-05,0.9993718409929481
all_response_primary_all_eligible,PRIMARY,259,4.606373344904123e-05,0.9994179047263971
all_response_primary_all_eligible,PRIMARY,260,4.591400519441817e-05,0.9994638187315915
all_response_primary_all_eligible,PRIMARY,261,4.474895317625527e-05,0.9995085676847678
all_response_primary_all_eligible,PRIMARY,262,4.403349878922902e-05,0.999552601183557
all_response_primary_all_eligible,PRIMARY,263,4.3381823535419265e-05,0.9995959830070925
all_response_primary_all_eligible,PRIMARY,264,4.2313625886765185e-05,0.9996382966329793
all_response_primary_all_eligible,PRIMARY,265,4.04095852014323e-05,0.9996787062181808
all_response_primary_all_eligible,PRIMARY,266,3.9992177902961025e-05,0.9997186983960837
all_response_primary_all_eligible,PRIMARY,267,3.888566461196996e-05,0.9997575840606957
all_response_primary_all_eligible,PRIMARY,268,3.816324816668676e-05,0.9997957473088623
all_response_primary_all_eligible,PRIMARY,269,3.765265360343394e-05,0.9998333999624658
all_response_primary_all_eligible,PRIMARY,270,3.650598570804149e-05,0.9998699059481738
all_response_primary_all_eligible,PRIMARY,271,3.386793728391091e-05,0.9999037738854577
all_response_primary_all_eligible,PRIMARY,272,3.2975978686107194e-05,0.9999367498641438
all_response_primary_all_eligible,PRIMARY,273,3.235169846198722e-05,0.9999691015626058
all_response_primary_all_eligible,PRIMARY,274,3.089843739383219e-05,0.9999999999999996
all_response_primary_all_eligible,PRIMARY,275,8.81675279350126e-30,0.9999999999999996
matched_all_response,SENSITIVITY,1,0.19315125407801578,0.19315125407801578
matched_all_response,SENSITIVITY,2,0.07296965173460043,0.2661209058126162
matched_all_response,SENSITIVITY,3,0.059990394389437755,0.326111300202054
matched_all_response,SENSITIVITY,4,0.05699948468083632,0.3831107848828903
matched_all_response,SENSITIVITY,5,0.0538176498508209,0.4369284347337112
matched_all_response,SENSITIVITY,6,0.04217538965077593,0.4791038243844871
matched_all_response,SENSITIVITY,7,0.03196983133871448,0.5110736557232016
matched_all_response,SENSITIVITY,8,0.027147375842688913,0.5382210315658905
matched_all_response,SENSITIVITY,9,0.026016570461488128,0.5642376020273786
matched_all_response,SENSITIVITY,10,0.022519347400323082,0.5867569494277017
matched_all_response,SENSITIVITY,11,0.019036558938228698,0.6057935083659305
matched_all_response,SENSITIVITY,12,0.017603398691128574,0.6233969070570591
matched_all_response,SENSITIVITY,13,0.016390439951555275,0.6397873470086144
matched_all_response,SENSITIVITY,14,0.01573908056284746,0.6555264275714618
matched_all_response,SENSITIVITY,15,0.013700172038884528,0.6692265996103464
matched_all_response,SENSITIVITY,16,0.012425105095442953,0.6816517047057893
matched_all_response,SENSITIVITY,17,0.01191044297010826,0.6935621476758975
matched_all_response,SENSITIVITY,18,0.010690733936842564,0.7042528816127401
matched_all_response,SENSITIVITY,19,0.01024614119921469,0.7144990228119549
matched_all_response,SENSITIVITY,20,0.00986436350196989,0.7243633863139247
matched_all_response,SENSITIVITY,21,0.009137125700370686,0.7335005120142954
matched_all_response,SENSITIVITY,22,0.008695009663132369,0.7421955216774279
matched_all_response,SENSITIVITY,23,0.008077590130581345,0.7502731118080092
matched_all_response,SENSITIVITY,24,0.00761951009298762,0.7578926219009968
matched_all_response,SENSITIVITY,25,0.007412961201672212,0.765305583102669
matched_all_response,SENSITIVITY,26,0.007169864338514045,0.7724754474411831
matched_all_response,SENSITIVITY,27,0.006369009574576694,0.7788444570157598
matched_all_response,SENSITIVITY,28,0.006217840268794553,0.7850622972845543
matched_all_response,SENSITIVITY,29,0.00607054124870134,0.7911328385332557
matched_all_response,SENSITIVITY,30,0.005673927355374865,0.7968067658886305
matched_all_response,SENSITIVITY,31,0.005518464013394699,0.8023252299020253
matched_all_response,SENSITIVITY,32,0.005463688092191663,0.8077889179942169
matched_all_response,SENSITIVITY,33,0.00502830423856731,0.8128172222327842
matched_all_response,SENSITIVITY,34,0.004755176567938425,0.8175723988007226
matched_all_response,SENSITIVITY,35,0.0047160833980391175,0.8222884821987617
matched_all_response,SENSITIVITY,36,0.004573375766864055,0.8268618579656257
matched_all_response,SENSITIVITY,37,0.00432153622606016,0.8311833941916859
matched_all_response,SENSITIVITY,38,0.004251837019130074,0.835435231210816
matched_all_response,SENSITIVITY,39,0.004013407274401016,0.839448638485217
matched_all_response,SENSITIVITY,40,0.0038227106594912485,0.8432713491447082
matched_all_response,SENSITIVITY,41,0.0036957065207729486,0.8469670556654812
matched_all_response,SENSITIVITY,42,0.0036509515351558375,0.8506180072006371
matched_all_response,SENSITIVITY,43,0.003558878998456835,0.8541768861990939
matched_all_response,SENSITIVITY,44,0.003398904964326878,0.8575757911634209
matched_all_response,SENSITIVITY,45,0.0032690327070885312,0.8608448238705094
matched_all_response,SENSITIVITY,46,0.003248490394931114,0.8640933142654406
matched_all_response,SENSITIVITY,47,0.003112007545776124,0.8672053218112167
matched_all_response,SENSITIVITY,48,0.00301158686289928,0.8702169086741159
matched_all_response,SENSITIVITY,49,0.002935643278397055,0.873152551952513
matched_all_response,SENSITIVITY,50,0.002797893628975233,0.8759504455814882
matched_all_response,SENSITIVITY,51,0.0027852320088744423,0.8787356775903626
matched_all_response,SENSITIVITY,52,0.002725522609382244,0.8814612001997448
matched_all_response,SENSITIVITY,53,0.002633752789215048,0.8840949529889599
matched_all_response,SENSITIVITY,54,0.0025284737872197007,0.8866234267761796
matched_all_response,SENSITIVITY,55,0.002511246787745944,0.8891346735639255
matched_all_response,SENSITIVITY,56,0.0023416294107668966,0.8914763029746924
matched_all_response,SENSITIVITY,57,0.002314411783734402,0.8937907147584268
matched_all_response,SENSITIVITY,58,0.0022336416625020187,0.8960243564209288
matched_all_response,SENSITIVITY,59,0.002189821699624426,0.8982141781205533
matched_all_response,SENSITIVITY,60,0.0021222911304613653,0.9003364692510146
matched_all_response,SENSITIVITY,61,0.0020950613221293727,0.902431530573144
matched_all_response,SENSITIVITY,62,0.0020526803281725407,0.9044842109013165
matched_all_response,SENSITIVITY,63,0.0020391577335699728,0.9065233686348865
matched_all_response,SENSITIVITY,64,0.0019388356619319932,0.9084622042968185
matched_all_response,SENSITIVITY,65,0.0019153331488325513,0.910377537445651
matched_all_response,SENSITIVITY,66,0.001868350266446871,0.9122458877120978
matched_all_response,SENSITIVITY,67,0.0018162238846100292,0.9140621115967078
matched_all_response,SENSITIVITY,68,0.001796573081119586,0.9158586846778274
matched_all_response,SENSITIVITY,69,0.0017813292499743907,0.9176400139278018
matched_all_response,SENSITIVITY,70,0.0017270192239317798,0.9193670331517336
matched_all_response,SENSITIVITY,71,0.0016772804186531594,0.9210443135703867
matched_all_response,SENSITIVITY,72,0.0016338563126281208,0.9226781698830149
matched_all_response,SENSITIVITY,73,0.0016135842542965271,0.9242917541373113
matched_all_response,SENSITIVITY,74,0.0015796292522207351,0.9258713833895321
matched_all_response,SENSITIVITY,75,0.0015683924561796922,0.9274397758457118
matched_all_response,SENSITIVITY,76,0.0014829967067059814,0.9289227725524177
matched_all_response,SENSITIVITY,77,0.001462757358194061,0.9303855299106117
matched_all_response,SENSITIVITY,78,0.00140203860734737,0.9317875685179591
matched_all_response,SENSITIVITY,79,0.0013905422897993146,0.9331781108077584
matched_all_response,SENSITIVITY,80,0.001374775811106499,0.9345528866188648
matched_all_response,SENSITIVITY,81,0.0013323827584976388,0.9358852693773625
matched_all_response,SENSITIVITY,82,0.0013062762342500292,0.9371915456116126
matched_all_response,SENSITIVITY,83,0.001270830692313587,0.9384623763039261
matched_all_response,SENSITIVITY,84,0.0012505963632864242,0.9397129726672125
matched_all_response,SENSITIVITY,85,0.0012220091229341794,0.9409349817901467
matched_all_response,SENSITIVITY,86,0.001197360075133876,0.9421323418652805
matched_all_response,SENSITIVITY,87,0.0011823545668408196,0.9433146964321213
matched_all_response,SENSITIVITY,88,0.0011671668131191717,0.9444818632452404
matched_all_response,SENSITIVITY,89,0.0011589691490940545,0.9456408323943345
matched_all_response,SENSITIVITY,90,0.0011372053968410796,0.9467780377911755
matched_all_response,SENSITIVITY,91,0.0010438353744099248,0.9478218731655854
matched_all_response,SENSITIVITY,92,0.0010188329981667178,0.9488407061637522
matched_all_response,SENSITIVITY,93,0.0010004821359704528,0.9498411882997226
matched_all_response,SENSITIVITY,94,0.0009970805042292228,0.9508382688039518
matched_all_response,SENSITIVITY,95,0.0009883527574153091,0.9518266215613671
matched_all_response,SENSITIVITY,96,0.0009514189838693971,0.9527780405452365
matched_all_response,SENSITIVITY,97,0.0009347151108647113,0.9537127556561013
matched_all_response,SENSITIVITY,98,0.0009200314266151965,0.9546327870827165
matched_all_response,SENSITIVITY,99,0.0009049979761410117,0.9555377850588574
matched_all_response,SENSITIVITY,100,0.000891068417027397,0.9564288534758848
matched_all_response,SENSITIVITY,101,0.0008664447802083427,0.9572952982560932
matched_all_response,SENSITIVITY,102,0.0008566264865473859,0.9581519247426405
matched_all_response,SENSITIVITY,103,0.0008449813552087543,0.9589969060978493
matched_all_response,SENSITIVITY,104,0.0008222778703035579,0.9598191839681528
matched_all_response,SENSITIVITY,105,0.0007981555515230651,0.9606173395196759
matched_all_response,SENSITIVITY,106,0.0007860196055474274,0.9614033591252233
matched_all_response,SENSITIVITY,107,0.0007726768994939289,0.9621760360247172
matched_all_response,SENSITIVITY,108,0.0007657137464392842,0.9629417497711565
matched_all_response,SENSITIVITY,109,0.0007286764083109035,0.9636704261794674
matched_all_response,SENSITIVITY,110,0.0007059731088947768,0.9643763992883622
matched_all_response,SENSITIVITY,111,0.0006933865588624852,0.9650697858472247
matched_all_response,SENSITIVITY,112,0.0006848048343560031,0.9657545906815806
matched_all_response,SENSITIVITY,113,0.0006721611349748206,0.9664267518165555
matched_all_response,SENSITIVITY,114,0.0006533234959588757,0.9670800753125144
matched_all_response,SENSITIVITY,115,0.000633795046909318,0.9677138703594237
matched_all_response,SENSITIVITY,116,0.0006314897740600298,0.9683453601334837
matched_all_response,SENSITIVITY,117,0.0006280057740570519,0.9689733659075408
matched_all_response,SENSITIVITY,118,0.000604705300255614,0.9695780712077964
matched_all_response,SENSITIVITY,119,0.0006017482769166155,0.970179819484713
matched_all_response,SENSITIVITY,120,0.0005832940063501662,0.9707631134910631
matched_all_response,SENSITIVITY,121,0.0005808665031599814,0.9713439799942232
matched_all_response,SENSITIVITY,122,0.0005679328695023366,0.9719119128637255
matched_all_response,SENSITIVITY,123,0.0005612558068694165,0.9724731686705949
matched_all_response,SENSITIVITY,124,0.0005487496600420115,0.9730219183306369
matched_all_response,SENSITIVITY,125,0.0005357650745877432,0.9735576834052246
matched_all_response,SENSITIVITY,126,0.000521690801061967,0.9740793742062867
matched_all_response,SENSITIVITY,127,0.0005134992191838976,0.9745928734254705
matched_all_response,SENSITIVITY,128,0.0005066660681635375,0.975099539493634
matched_all_response,SENSITIVITY,129,0.0004912716638059651,0.97559081115744
matched_all_response,SENSITIVITY,130,0.0004835301344979496,0.9760743412919379
matched_all_response,SENSITIVITY,131,0.00047398464931951904,0.9765483259412574
matched_all_response,SENSITIVITY,132,0.0004634391117550847,0.9770117650530125
matched_all_response,SENSITIVITY,133,0.00045489584762488107,0.9774666609006374
matched_all_response,SENSITIVITY,134,0.0004459173426051683,0.9779125782432425
matched_all_response,SENSITIVITY,135,0.00043802492899029725,0.9783506031722328
matched_all_response,SENSITIVITY,136,0.0004211319796380948,0.9787717351518709
matched_all_response,SENSITIVITY,137,0.00041313894877825514,0.9791848741006491
matched_all_response,SENSITIVITY,138,0.0004107146678811971,0.9795955887685304
matched_all_response,SENSITIVITY,139,0.0004029893926321141,0.9799985781611625
matched_all_response,SENSITIVITY,140,0.0003955414582567807,0.9803941196194194
matched_all_response,SENSITIVITY,141,0.0003842371457989586,0.9807783567652183
matched_all_response,SENSITIVITY,142,0.0003771019550352146,0.9811554587202536
matched_all_response,SENSITIVITY,143,0.00037253756022073475,0.9815279962804743
matched_all_response,SENSITIVITY,144,0.0003634459412827945,0.9818914422217571
matched_all_response,SENSITIVITY,145,0.00035908993156491667,0.982250532153322
matched_all_response,SENSITIVITY,146,0.00034696163165012626,0.9825974937849722
matched_all_response,SENSITIVITY,147,0.0003454950695309742,0.9829429888545032
matched_all_response,SENSITIVITY,148,0.0003396830425757057,0.9832826718970789
matched_all_response,SENSITIVITY,149,0.0003357813620860284,0.9836184532591649
matched_all_response,SENSITIVITY,150,0.0003335951850956308,0.9839520484442605
matched_all_response,SENSITIVITY,151,0.0003263006292786387,0.9842783490735392
matched_all_response,SENSITIVITY,152,0.0003097193237745531,0.9845880683973137
matched_all_response,SENSITIVITY,153,0.00030468642821188547,0.9848927548255256
matched_all_response,SENSITIVITY,154,0.0002990302233055957,0.9851917850488312
matched_all_response,SENSITIVITY,155,0.00029829850117017655,0.9854900835500013
matched_all_response,SENSITIVITY,156,0.00029609984822004837,0.9857861833982214
matched_all_response,SENSITIVITY,157,0.00029076606579075324,0.9860769494640121
matched_all_response,SENSITIVITY,158,0.00028441995759125667,0.9863613694216034
matched_all_response,SENSITIVITY,159,0.00027795281120373676,0.986639322232807
matched_all_response,SENSITIVITY,160,0.000269275701431758,0.9869085979342388
matched_all_response,SENSITIVITY,161,0.00026723482222566953,0.9871758327564645
matched_all_response,SENSITIVITY,162,0.00026040364441543457,0.98743623640088
matched_all_response,SENSITIVITY,163,0.00025292507759144334,0.9876891614784714
matched_all_response,SENSITIVITY,164,0.0002496984959118123,0.9879388599743832
matched_all_response,SENSITIVITY,165,0.0002451160486535261,0.9881839760230368
matched_all_response,SENSITIVITY,166,0.0002381872477437724,0.9884221632707806
matched_all_response,SENSITIVITY,167,0.00023614819556253943,0.9886583114663431
matched_all_response,SENSITIVITY,168,0.00023189332301253731,0.9888902047893556
matched_all_response,SENSITIVITY,169,0.00022691470913094859,0.9891171194984866
matched_all_response,SENSITIVITY,170,0.00022328963376254437,0.9893404091322491
matched_all_response,SENSITIVITY,171,0.00022060534156397534,0.9895610144738131
matched_all_response,SENSITIVITY,172,0.0002178826789099034,0.9897788971527229
matched_all_response,SENSITIVITY,173,0.00021307422384561953,0.9899919713765686
matched_all_response,SENSITIVITY,174,0.00021192952542247882,0.9902039009019911
matched_all_response,SENSITIVITY,175,0.0002094959480180921,0.9904133968500092
matched_all_response,SENSITIVITY,176,0.00020542243543309052,0.9906188192854423
matched_all_response,SENSITIVITY,177,0.00020135375976678026,0.9908201730452091
matched_all_response,SENSITIVITY,178,0.00019731938195833472,0.9910174924271674
matched_all_response,SENSITIVITY,179,0.00019036126076590052,0.9912078536879333
matched_all_response,SENSITIVITY,180,0.0001860769277803651,0.9913939306157137
matched_all_response,SENSITIVITY,181,0.00018120202754029054,0.9915751326432539
matched_all_response,SENSITIVITY,182,0.00017824045997590662,0.9917533731032299
matched_all_response,SENSITIVITY,183,0.0001763887346219604,0.9919297618378519
matched_all_response,SENSITIVITY,184,0.000173956836538642,0.9921037186743905
matched_all_response,SENSITIVITY,185,0.00017162416860927804,0.9922753428429998
matched_all_response,SENSITIVITY,186,0.00016730930886934867,0.9924426521518691
matched_all_response,SENSITIVITY,187,0.00016496960381223217,0.9926076217556813
matched_all_response,SENSITIVITY,188,0.00016232121520058613,0.9927699429708818
matched_all_response,SENSITIVITY,189,0.00016025067768230238,0.9929301936485642
matched_all_response,SENSITIVITY,190,0.00015726490981646105,0.9930874585583807
matched_all_response,SENSITIVITY,191,0.0001559180744773051,0.993243376632858
matched_all_response,SENSITIVITY,192,0.00015406448825314322,0.9933974411211112
matched_all_response,SENSITIVITY,193,0.00015080564526581046,0.993548246766377
matched_all_response,SENSITIVITY,194,0.0001491790475965418,0.9936974258139736
matched_all_response,SENSITIVITY,195,0.00014593497666204582,0.9938433607906356
matched_all_response,SENSITIVITY,196,0.00014381407789286268,0.9939871748685285
matched_all_response,SENSITIVITY,197,0.00014247961735532397,0.9941296544858839
matched_all_response,SENSITIVITY,198,0.00014025094060410155,0.994269905426488
matched_all_response,SENSITIVITY,199,0.0001395936918609411,0.9944094991183489
matched_all_response,SENSITIVITY,200,0.0001369882301955239,0.9945464873485443
matched_all_response,SENSITIVITY,201,0.00013489050900504097,0.9946813778575494
matched_all_response,SENSITIVITY,202,0.00012855409930230798,0.9948099319568517
matched_all_response,SENSITIVITY,203,0.0001257014390845704,0.9949356333959363
matched_all_response,SENSITIVITY,204,0.00012471458824827463,0.9950603479841845
matched_all_response,SENSITIVITY,205,0.0001235794083201767,0.9951839273925047
matched_all_response,SENSITIVITY,206,0.0001206627332443726,0.9953045901257491
matched_all_response,SENSITIVITY,207,0.00011754088811190543,0.995422131013861
matched_all_response,SENSITIVITY,208,0.00011505069726052817,0.9955371817111215
matched_all_response,SENSITIVITY,209,0.00011329587301191842,0.9956504775841334
matched_all_response,SENSITIVITY,210,0.00011184810662047631,0.9957623256907538
matched_all_response,SENSITIVITY,211,0.00011083687856461729,0.9958731625693185
matched_all_response,SENSITIVITY,212,0.00010922561358248614,0.995982388182901
matched_all_response,SENSITIVITY,213,0.00010816632487909354,0.9960905545077801
matched_all_response,SENSITIVITY,214,0.00010689081533583978,0.9961974453231159
matched_all_response,SENSITIVITY,215,0.00010286982271540656,0.9963003151458314
matched_all_response,SENSITIVITY,216,0.00010026066541763983,0.9964005758112491
matched_all_response,SENSITIVITY,217,9.854387859559399e-05,0.9964991196898447
matched_all_response,SENSITIVITY,218,9.774660800466824e-05,0.9965968662978494
matched_all_response,SENSITIVITY,219,9.547096317875457e-05,0.9966923372610281
matched_all_response,SENSITIVITY,220,9.249401715673076e-05,0.9967848312781848
matched_all_response,SENSITIVITY,221,9.205328857600067e-05,0.9968768845667608
matched_all_response,SENSITIVITY,222,9.060445919867198e-05,0.9969674890259594
matched_all_response,SENSITIVITY,223,8.950300484860362e-05,0.997056992030808
matched_all_response,SENSITIVITY,224,8.813005292973289e-05,0.9971451220837377
matched_all_response,SENSITIVITY,225,8.703711117311337e-05,0.9972321591949108
matched_all_response,SENSITIVITY,226,8.579262818330742e-05,0.9973179518230941
matched_all_response,SENSITIVITY,227,8.386689525567245e-05,0.9974018187183498
matched_all_response,SENSITIVITY,228,8.301171205087509e-05,0.9974848304304006
matched_all_response,SENSITIVITY,229,8.270803222039636e-05,0.997567538462621
matched_all_response,SENSITIVITY,230,7.939870518623042e-05,0.9976469371678073
matched_all_response,SENSITIVITY,231,7.787770302160682e-05,0.9977248148708289
matched_all_response,SENSITIVITY,232,7.657401453513697e-05,0.997801388885364
matched_all_response,SENSITIVITY,233,7.520584829449325e-05,0.9978765947336584
matched_all_response,SENSITIVITY,234,7.370068391318778e-05,0.9979502954175716
matched_all_response,SENSITIVITY,235,7.334796118572097e-05,0.9980236433787574
matched_all_response,SENSITIVITY,236,7.185550978164207e-05,0.998095498888539
matched_all_response,SENSITIVITY,237,6.99274301568821e-05,0.9981654263186959
matched_all_response,SENSITIVITY,238,6.819351545323924e-05,0.9982336198341492
matched_all_response,SENSITIVITY,239,6.708625490953252e-05,0.9983007060890587
matched_all_response,SENSITIVITY,240,6.67738088636959e-05,0.9983674798979224
matched_all_response,SENSITIVITY,241,6.549845124989468e-05,0.9984329783491723
matched_all_response,SENSITIVITY,242,6.389936701271839e-05,0.998496877716185
matched_all_response,SENSITIVITY,243,6.295927923594096e-05,0.998559836995421
matched_all_response,SENSITIVITY,244,6.200911281782843e-05,0.9986218461082388
matched_all_response,SENSITIVITY,245,6.016350457227112e-05,0.9986820096128111
matched_all_response,SENSITIVITY,246,5.840607007138688e-05,0.9987404156828824
matched_all_response,SENSITIVITY,247,5.814996337169122e-05,0.9987985656462541
matched_all_response,SENSITIVITY,248,5.737339422806996e-05,0.9988559390404822
matched_all_response,SENSITIVITY,249,5.684144259244682e-05,0.9989127804830746
matched_all_response,SENSITIVITY,250,5.516127575622025e-05,0.9989679417588309
matched_all_response,SENSITIVITY,251,5.476061475475247e-05,0.9990227023735856
matched_all_response,SENSITIVITY,252,5.215149218993012e-05,0.9990748538657755
matched_all_response,SENSITIVITY,253,5.1564940145828364e-05,0.9991264188059213
matched_all_response,SENSITIVITY,254,5.067823921696484e-05,0.9991770970451384
matched_all_response,SENSITIVITY,255,5.064019659545013e-05,0.9992277372417337
matched_all_response,SENSITIVITY,256,4.954568325635225e-05,0.9992772829249901
matched_all_response,SENSITIVITY,257,4.768259721165668e-05,0.9993249655222017
matched_all_response,SENSITIVITY,258,4.687547074633209e-05,0.9993718409929481
matched_all_response,SENSITIVITY,259,4.606373344904123e-05,0.9994179047263971
matched_all_response,SENSITIVITY,260,4.591400519441817e-05,0.9994638187315915
matched_all_response,SENSITIVITY,261,4.474895317625527e-05,0.9995085676847678
matched_all_response,SENSITIVITY,262,4.403349878922902e-05,0.999552601183557
matched_all_response,SENSITIVITY,263,4.3381823535419265e-05,0.9995959830070925
matched_all_response,SENSITIVITY,264,4.2313625886765185e-05,0.9996382966329793
matched_all_response,SENSITIVITY,265,4.04095852014323e-05,0.9996787062181808
matched_all_response,SENSITIVITY,266,3.9992177902961025e-05,0.9997186983960837
matched_all_response,SENSITIVITY,267,3.888566461196996e-05,0.9997575840606957
matched_all_response,SENSITIVITY,268,3.816324816668676e-05,0.9997957473088623
matched_all_response,SENSITIVITY,269,3.765265360343394e-05,0.9998333999624658
matched_all_response,SENSITIVITY,270,3.650598570804149e-05,0.9998699059481738
matched_all_response,SENSITIVITY,271,3.386793728391091e-05,0.9999037738854577
matched_all_response,SENSITIVITY,272,3.2975978686107194e-05,0.9999367498641438
matched_all_response,SENSITIVITY,273,3.235169846198722e-05,0.9999691015626058
matched_all_response,SENSITIVITY,274,3.089843739383219e-05,0.9999999999999996
matched_all_response,SENSITIVITY,275,8.81675279350126e-30,0.9999999999999996
matched_answer,SENSITIVITY,1,0.240477895825504,0.240477895825504
matched_answer,SENSITIVITY,2,0.0935928435198867,0.33407073934539067
matched_answer,SENSITIVITY,3,0.0652837976652671,0.39935453701065776
matched_answer,SENSITIVITY,4,0.05558228084103642,0.45493681785169415
matched_answer,SENSITIVITY,5,0.05007670320596884,0.505013521057663
matched_answer,SENSITIVITY,6,0.035028538709809307,0.5400420597674722
matched_answer,SENSITIVITY,7,0.028069409535665498,0.5681114693031377
matched_answer,SENSITIVITY,8,0.027072377793332894,0.5951838470964707
matched_answer,SENSITIVITY,9,0.02353400148130702,0.6187178485777777
matched_answer,SENSITIVITY,10,0.019797146841451323,0.638514995419229
matched_answer,SENSITIVITY,11,0.018765871366979173,0.6572808667862081
matched_answer,SENSITIVITY,12,0.016282701653126095,0.6735635684393342
matched_answer,SENSITIVITY,13,0.015750173339365743,0.6893137417787
matched_answer,SENSITIVITY,14,0.013431475254076447,0.7027452170327764
matched_answer,SENSITIVITY,15,0.012867129146241524,0.7156123461790179
matched_answer,SENSITIVITY,16,0.011248052047157682,0.7268603982261757
matched_answer,SENSITIVITY,17,0.010862096272959343,0.737722494499135
matched_answer,SENSITIVITY,18,0.009619034830544637,0.7473415293296796
matched_answer,SENSITIVITY,19,0.009557758305261059,0.7568992876349406
matched_answer,SENSITIVITY,20,0.008783319786361807,0.7656826074213025
matched_answer,SENSITIVITY,21,0.00811503568734584,0.7737976431086483
matched_answer,SENSITIVITY,22,0.007746814331052415,0.7815444574397007
matched_answer,SENSITIVITY,23,0.0068953364459742655,0.788439793885675
matched_answer,SENSITIVITY,24,0.006689826991947417,0.7951296208776224
matched_answer,SENSITIVITY,25,0.006087848618990213,0.8012174694966127
matched_answer,SENSITIVITY,26,0.005860687045378463,0.8070781565419911
matched_answer,SENSITIVITY,27,0.005657944860741442,0.8127361014027326
matched_answer,SENSITIVITY,28,0.005219999910746748,0.8179561013134793
matched_answer,SENSITIVITY,29,0.005039327351733183,0.8229954286652125
matched_answer,SENSITIVITY,30,0.0047593169674841835,0.8277547456326967
matched_answer,SENSITIVITY,31,0.004586364661201816,0.8323411102938985
matched_answer,SENSITIVITY,32,0.004386213319128727,0.8367273236130272
matched_answer,SENSITIVITY,33,0.0042793378890542254,0.8410066615020814
matched_answer,SENSITIVITY,34,0.003982343578241405,0.8449890050803228
matched_answer,SENSITIVITY,35,0.003863139174441967,0.8488521442547647
matched_answer,SENSITIVITY,36,0.003759179954250233,0.852611324209015
matched_answer,SENSITIVITY,37,0.0036456317948307267,0.8562569560038457
matched_answer,SENSITIVITY,38,0.0034367614587005766,0.8596937174625462
matched_answer,SENSITIVITY,39,0.0033411803740071217,0.8630348978365533
matched_answer,SENSITIVITY,40,0.0032719202633664075,0.8663068180999197
matched_answer,SENSITIVITY,41,0.003091403426945374,0.8693982215268651
matched_answer,SENSITIVITY,42,0.0030724094792442345,0.8724706310061093
matched_answer,SENSITIVITY,43,0.0029501680385080817,0.8754207990446174
matched_answer,SENSITIVITY,44,0.0028982773154109967,0.8783190763600285
matched_answer,SENSITIVITY,45,0.0027592382764156775,0.8810783146364441
matched_answer,SENSITIVITY,46,0.0026454013207153925,0.8837237159571596
matched_answer,SENSITIVITY,47,0.0025515491260394993,0.8862752650831991
matched_answer,SENSITIVITY,48,0.0025476931696115147,0.8888229582528107
matched_answer,SENSITIVITY,49,0.0023842968724484474,0.8912072551252591
matched_answer,SENSITIVITY,50,0.002355811978565287,0.8935630671038244
matched_answer,SENSITIVITY,51,0.0022949041739063233,0.8958579712777307
matched_answer,SENSITIVITY,52,0.002238366159035874,0.8980963374367665
matched_answer,SENSITIVITY,53,0.0021183667208851268,0.9002147041576517
matched_answer,SENSITIVITY,54,0.002037900094723888,0.9022526042523756
matched_answer,SENSITIVITY,55,0.002010675184671875,0.9042632794370475
matched_answer,SENSITIVITY,56,0.0019674541427457644,0.9062307335797933
matched_answer,SENSITIVITY,57,0.001921995859197835,0.9081527294389912
matched_answer,SENSITIVITY,58,0.0018949060910305976,0.9100476355300218
matched_answer,SENSITIVITY,59,0.0018240356365271176,0.9118716711665489
matched_answer,SENSITIVITY,60,0.0017386938213177635,0.9136103649878666
matched_answer,SENSITIVITY,61,0.001693204079998834,0.9153035690678655
matched_answer,SENSITIVITY,62,0.001681936605547779,0.9169855056734133
matched_answer,SENSITIVITY,63,0.0016691307223934784,0.9186546363958068
matched_answer,SENSITIVITY,64,0.0015961232911594404,0.9202507596869662
matched_answer,SENSITIVITY,65,0.0015717530634358234,0.9218225127504021
matched_answer,SENSITIVITY,66,0.0015513092467685325,0.9233738219971706
matched_answer,SENSITIVITY,67,0.001495740895165886,0.9248695628923365
matched_answer,SENSITIVITY,68,0.0014707334691872126,0.9263402963615237
matched_answer,SENSITIVITY,69,0.0014009648960937528,0.9277412612576175
matched_answer,SENSITIVITY,70,0.001374125119898303,0.9291153863775158
matched_answer,SENSITIVITY,71,0.0013536916382464552,0.9304690780157623
matched_answer,SENSITIVITY,72,0.0013334971181225416,0.9318025751338849
matched_answer,SENSITIVITY,73,0.0013008001707563287,0.9331033753046412
matched_answer,SENSITIVITY,74,0.0012678542605782392,0.9343712295652195
matched_answer,SENSITIVITY,75,0.0012532368460234455,0.9356244664112429
matched_answer,SENSITIVITY,76,0.001203375327611078,0.9368278417388539
matched_answer,SENSITIVITY,77,0.0011917062733364915,0.9380195480121905
matched_answer,SENSITIVITY,78,0.0011798503900298618,0.9391993984022203
matched_answer,SENSITIVITY,79,0.0011481734923942518,0.9403475718946146
matched_answer,SENSITIVITY,80,0.0011409545708156127,0.9414885264654302
matched_answer,SENSITIVITY,81,0.0010860965212731047,0.9425746229867034
matched_answer,SENSITIVITY,82,0.0010590105957312842,0.9436336335824347
matched_answer,SENSITIVITY,83,0.0010436855711193674,0.944677319153554
matched_answer,SENSITIVITY,84,0.0010169122688647465,0.9456942314224188
matched_answer,SENSITIVITY,85,0.0009962967216172584,0.9466905281440361
matched_answer,SENSITIVITY,86,0.0009784582657624055,0.9476689864097985
matched_answer,SENSITIVITY,87,0.0009330228929147336,0.9486020093027132
matched_answer,SENSITIVITY,88,0.0009240006656773133,0.9495260099683905
matched_answer,SENSITIVITY,89,0.0009186023993239541,0.9504446123677145
matched_answer,SENSITIVITY,90,0.0008831053810877057,0.9513277177488022
matched_answer,SENSITIVITY,91,0.0008764213518040537,0.9522041391006063
matched_answer,SENSITIVITY,92,0.0008643886533593201,0.9530685277539657
matched_answer,SENSITIVITY,93,0.0008542875455574237,0.953922815299523
matched_answer,SENSITIVITY,94,0.0008505576860331588,0.9547733729855562
matched_answer,SENSITIVITY,95,0.0008261339784940511,0.9555995069640503
matched_answer,SENSITIVITY,96,0.0008100813355538902,0.9564095882996042
matched_answer,SENSITIVITY,97,0.0007995898240713602,0.9572091781236756
matched_answer,SENSITIVITY,98,0.0007658895499474282,0.957975067673623
matched_answer,SENSITIVITY,99,0.0007567930336913815,0.9587318607073143
matched_answer,SENSITIVITY,100,0.0007466044748193128,0.9594784651821336
matched_answer,SENSITIVITY,101,0.0007220502070859747,0.9602005153892196
matched_answer,SENSITIVITY,102,0.000696075466633157,0.9608965908558528
matched_answer,SENSITIVITY,103,0.0006895660949382436,0.961586156950791
matched_answer,SENSITIVITY,104,0.0006705064252024964,0.9622566633759935
matched_answer,SENSITIVITY,105,0.0006593378176844931,0.9629160011936779
matched_answer,SENSITIVITY,106,0.0006415489922268444,0.9635575501859047
matched_answer,SENSITIVITY,107,0.0006360836532901616,0.9641936338391949
matched_answer,SENSITIVITY,108,0.0006282366195547919,0.9648218704587497
matched_answer,SENSITIVITY,109,0.0006126931533252924,0.9654345636120749
matched_answer,SENSITIVITY,110,0.0006068229239105502,0.9660413865359855
matched_answer,SENSITIVITY,111,0.000586663690109708,0.9666280502260952
matched_answer,SENSITIVITY,112,0.0005738968231374499,0.9672019470492327
matched_answer,SENSITIVITY,113,0.0005633601443894745,0.9677653071936222
matched_answer,SENSITIVITY,114,0.0005503138932223723,0.9683156210868445
matched_answer,SENSITIVITY,115,0.0005466329590971938,0.9688622540459417
matched_answer,SENSITIVITY,116,0.0005431680405867255,0.9694054220865285
matched_answer,SENSITIVITY,117,0.0005238702310924453,0.9699292923176209
matched_answer,SENSITIVITY,118,0.000519162783927004,0.970448455101548
matched_answer,SENSITIVITY,119,0.0005132632874467475,0.9709617183889947
matched_answer,SENSITIVITY,120,0.000499618248585483,0.9714613366375802
matched_answer,SENSITIVITY,121,0.0004954938889535534,0.9719568305265337
matched_answer,SENSITIVITY,122,0.000485018923272107,0.9724418494498058
matched_answer,SENSITIVITY,123,0.00047436742753557157,0.9729162168773414
matched_answer,SENSITIVITY,124,0.0004582376156558566,0.9733744544929973
matched_answer,SENSITIVITY,125,0.00045503391988375807,0.9738294884128811
matched_answer,SENSITIVITY,126,0.0004452054872558552,0.974274693900137
matched_answer,SENSITIVITY,127,0.00043518674645561217,0.9747098806465926
matched_answer,SENSITIVITY,128,0.0004288938774657056,0.9751387745240583
matched_answer,SENSITIVITY,129,0.00042099016964360656,0.9755597646937019
matched_answer,SENSITIVITY,130,0.00041155411924064,0.9759713188129425
matched_answer,SENSITIVITY,131,0.00040859620320611795,0.9763799150161486
matched_answer,SENSITIVITY,132,0.0003923942072752809,0.976772309223424
matched_answer,SENSITIVITY,133,0.0003836829955862855,0.9771559922190103
matched_answer,SENSITIVITY,134,0.00037862220960094625,0.9775346144286112
matched_answer,SENSITIVITY,135,0.00037566113813541305,0.9779102755667466
matched_answer,SENSITIVITY,136,0.000367105279347172,0.9782773808460937
matched_answer,SENSITIVITY,137,0.00036043437605357475,0.9786378152221473
matched_answer,SENSITIVITY,138,0.000353710159098628,0.9789915253812459
matched_answer,SENSITIVITY,139,0.0003509562954544485,0.9793424816767003
matched_answer,SENSITIVITY,140,0.0003473666766564271,0.9796898483533568
matched_answer,SENSITIVITY,141,0.00034401961671342484,0.9800338679700702
matched_answer,SENSITIVITY,142,0.0003384871544520913,0.9803723551245223
matched_answer,SENSITIVITY,143,0.00033275089816563094,0.9807051060226879
matched_answer,SENSITIVITY,144,0.0003297714927275039,0.9810348775154154
matched_answer,SENSITIVITY,145,0.00032448189996022787,0.9813593594153757
matched_answer,SENSITIVITY,146,0.0003227819364649727,0.9816821413518406
matched_answer,SENSITIVITY,147,0.00031333466072151295,0.9819954760125621
matched_answer,SENSITIVITY,148,0.0003070330265107368,0.9823025090390728
matched_answer,SENSITIVITY,149,0.00030220778247257575,0.9826047168215454
matched_answer,SENSITIVITY,150,0.00029939998125863413,0.982904116802804
matched_answer,SENSITIVITY,151,0.0002930581681202345,0.9831971749709242
matched_answer,SENSITIVITY,152,0.00028871011799006034,0.9834858850889142
matched_answer,SENSITIVITY,153,0.0002850947540546698,0.9837709798429689
matched_answer,SENSITIVITY,154,0.00027872776146602564,0.9840497076044349
matched_answer,SENSITIVITY,155,0.0002743285959240837,0.984324036200359
matched_answer,SENSITIVITY,156,0.0002735502637794416,0.9845975864641384
matched_answer,SENSITIVITY,157,0.00026423489247360995,0.984861821356612
matched_answer,SENSITIVITY,158,0.0002597004782136058,0.9851215218348256
matched_answer,SENSITIVITY,159,0.00025814974279362153,0.9853796715776192
matched_answer,SENSITIVITY,160,0.0002554131582980699,0.9856350847359172
matched_answer,SENSITIVITY,161,0.0002508443657027937,0.98588592910162
matched_answer,SENSITIVITY,162,0.0002478064752067641,0.9861337355768267
matched_answer,SENSITIVITY,163,0.0002437534165369848,0.9863774889933636
matched_answer,SENSITIVITY,164,0.00024106861255810704,0.9866185576059218
matched_answer,SENSITIVITY,165,0.00023847626633490167,0.9868570338722567
matched_answer,SENSITIVITY,166,0.00023472314855159894,0.9870917570208082
matched_answer,SENSITIVITY,167,0.00023343442823401268,0.9873251914490422
matched_answer,SENSITIVITY,168,0.00023323555674920393,0.9875584270057914
matched_answer,SENSITIVITY,169,0.00022646912569716828,0.9877848961314886
matched_answer,SENSITIVITY,170,0.00022393741102087522,0.9880088335425095
matched_answer,SENSITIVITY,171,0.00021781008100924272,0.9882266436235188
matched_answer,SENSITIVITY,172,0.00021435662243124103,0.9884410002459499
matched_answer,SENSITIVITY,173,0.0002134989418721178,0.9886544991878221
matched_answer,SENSITIVITY,174,0.00021038716742155937,0.9888648863552437
matched_answer,SENSITIVITY,175,0.00020847049155762952,0.9890733568468013
matched_answer,SENSITIVITY,176,0.0002059019695339195,0.9892792588163353
matched_answer,SENSITIVITY,177,0.00020181490004952298,0.9894810737163848
matched_answer,SENSITIVITY,178,0.00019938260327204293,0.9896804563196568
matched_answer,SENSITIVITY,179,0.0001968438057460394,0.9898773001254029
matched_answer,SENSITIVITY,180,0.0001915481394648688,0.9900688482648677
matched_answer,SENSITIVITY,181,0.0001896786794478008,0.9902585269443155
matched_answer,SENSITIVITY,182,0.0001873588794065323,0.9904458858237221
matched_answer,SENSITIVITY,183,0.00018402030105521335,0.9906299061247773
matched_answer,SENSITIVITY,184,0.00018029301016360888,0.990810199134941
matched_answer,SENSITIVITY,185,0.0001773973955243093,0.9909875965304653
matched_answer,SENSITIVITY,186,0.00017531616520631313,0.9911629126956716
matched_answer,SENSITIVITY,187,0.00017122907778335523,0.9913341417734549
matched_answer,SENSITIVITY,188,0.0001691765123179009,0.9915033182857728
matched_answer,SENSITIVITY,189,0.0001671722734137004,0.9916704905591864
matched_answer,SENSITIVITY,190,0.00016666872623844633,0.9918371592854249
matched_answer,SENSITIVITY,191,0.00016474370014566602,0.9920019029855706
matched_answer,SENSITIVITY,192,0.00016192228856086644,0.9921638252741314
matched_answer,SENSITIVITY,193,0.00015817785607729945,0.9923220031302087
matched_answer,SENSITIVITY,194,0.00015656224534076773,0.9924785653755495
matched_answer,SENSITIVITY,195,0.0001547221533984727,0.992633287528948
matched_answer,SENSITIVITY,196,0.00015164476886002576,0.992784932297808
matched_answer,SENSITIVITY,197,0.00014937626408383108,0.9929343085618918
matched_answer,SENSITIVITY,198,0.00014706540498310227,0.9930813739668749
matched_answer,SENSITIVITY,199,0.000145860814273877,0.9932272347811488
matched_answer,SENSITIVITY,200,0.0001454339627635778,0.9933726687439124
matched_answer,SENSITIVITY,201,0.0001429022673841973,0.9935155710112966
matched_answer,SENSITIVITY,202,0.00014192264219728678,0.9936574936534939
matched_answer,SENSITIVITY,203,0.00014052742015016625,0.993798021073644
matched_answer,SENSITIVITY,204,0.00013687024403546903,0.9939348913176794
matched_answer,SENSITIVITY,205,0.00013459358762304643,0.9940694849053024
matched_answer,SENSITIVITY,206,0.00013153966747279458,0.9942010245727753
matched_answer,SENSITIVITY,207,0.00013014808495336266,0.9943311726577286
matched_answer,SENSITIVITY,208,0.0001281302435605467,0.9944593029012891
matched_answer,SENSITIVITY,209,0.00012763599159955485,0.9945869388928887
matched_answer,SENSITIVITY,210,0.0001265926249924049,0.9947135315178811
matched_answer,SENSITIVITY,211,0.00012411415270693335,0.9948376456705881
matched_answer,SENSITIVITY,212,0.0001221754013921634,0.9949598210719802
matched_answer,SENSITIVITY,213,0.00012055645769495006,0.9950803775296752
matched_answer,SENSITIVITY,214,0.00011869433711041242,0.9951990718667856
matched_answer,SENSITIVITY,215,0.00011698500222629022,0.9953160568690119
matched_answer,SENSITIVITY,216,0.00011431653746713613,0.9954303734064791
matched_answer,SENSITIVITY,217,0.00011320508951702926,0.9955435784959962
matched_answer,SENSITIVITY,218,0.00011270277106202579,0.9956562812670582
matched_answer,SENSITIVITY,219,0.00011040822780766987,0.9957666894948659
matched_answer,SENSITIVITY,220,0.00010830384116947065,0.9958749933360354
matched_answer,SENSITIVITY,221,0.00010773284330356796,0.9959827261793389
matched_answer,SENSITIVITY,222,0.00010659812589992692,0.9960893243052389
matched_answer,SENSITIVITY,223,0.00010461267594373539,0.9961939369811826
matched_answer,SENSITIVITY,224,0.00010412532345196733,0.9962980623046346
matched_answer,SENSITIVITY,225,0.0001003665285161876,0.9963984288331508
matched_answer,SENSITIVITY,226,9.867688879064239e-05,0.9964971057219414
matched_answer,SENSITIVITY,227,9.813381682994475e-05,0.9965952395387714
matched_answer,SENSITIVITY,228,9.743620467942848e-05,0.9966926757434508
matched_answer,SENSITIVITY,229,9.690982499292049e-05,0.9967895855684437
matched_answer,SENSITIVITY,230,9.545077863574163e-05,0.9968850363470794
matched_answer,SENSITIVITY,231,9.460105839629142e-05,0.9969796374054757
matched_answer,SENSITIVITY,232,9.414109654677449e-05,0.9970737785020225
matched_answer,SENSITIVITY,233,9.305087062028681e-05,0.9971668293726428
matched_answer,SENSITIVITY,234,9.142768236152726e-05,0.9972582570550043
matched_answer,SENSITIVITY,235,8.991541573819734e-05,0.9973481724707425
matched_answer,SENSITIVITY,236,8.78935738020156e-05,0.9974360660445445
matched_answer,SENSITIVITY,237,8.719951223263253e-05,0.9975232655567772
matched_answer,SENSITIVITY,238,8.569659683680331e-05,0.9976089621536139
matched_answer,SENSITIVITY,239,8.505712508913761e-05,0.997694019278703
matched_answer,SENSITIVITY,240,8.295130706442644e-05,0.9977769705857674
matched_answer,SENSITIVITY,241,8.25317675537129e-05,0.9978595023533211
matched_answer,SENSITIVITY,242,8.169169135941826e-05,0.9979411940446805
matched_answer,SENSITIVITY,243,8.085978173687871e-05,0.9980220538264174
matched_answer,SENSITIVITY,244,7.970805892630454e-05,0.9981017618853437
matched_answer,SENSITIVITY,245,7.825207726885506e-05,0.9981800139626126
matched_answer,SENSITIVITY,246,7.702887869108731e-05,0.9982570428413037
matched_answer,SENSITIVITY,247,7.611500286059476e-05,0.9983331578441643
matched_answer,SENSITIVITY,248,7.4974211084003e-05,0.9984081320552484
matched_answer,SENSITIVITY,249,7.419141363634182e-05,0.9984823234688847
matched_answer,SENSITIVITY,250,7.261383416908197e-05,0.9985549373030538
matched_answer,SENSITIVITY,251,7.141364625198441e-05,0.9986263509493057
matched_answer,SENSITIVITY,252,7.00596656647786e-05,0.9986964106149705
matched_answer,SENSITIVITY,253,6.965636309366891e-05,0.9987660669780641
matched_answer,SENSITIVITY,254,6.853838810701885e-05,0.9988346053661712
matched_answer,SENSITIVITY,255,6.809982209595194e-05,0.9989027051882672
matched_answer,SENSITIVITY,256,6.700627179304666e-05,0.9989697114600602
matched_answer,SENSITIVITY,257,6.656234006806198e-05,0.9990362738001283
matched_answer,SENSITIVITY,258,6.497449413066785e-05,0.999101248294259
matched_answer,SENSITIVITY,259,6.395310682139928e-05,0.9991652014010803
matched_answer,SENSITIVITY,260,6.242062486511577e-05,0.9992276220259455
matched_answer,SENSITIVITY,261,6.162017761153615e-05,0.9992892422035571
matched_answer,SENSITIVITY,262,6.09055529093364e-05,0.9993501477564665
matched_answer,SENSITIVITY,263,5.9758516868977536e-05,0.9994099062733355
matched_answer,SENSITIVITY,264,5.901197835369292e-05,0.9994689182516892
matched_answer,SENSITIVITY,265,5.811006814552593e-05,0.9995270283198346
matched_answer,SENSITIVITY,266,5.782754914062382e-05,0.9995848558689753
matched_answer,SENSITIVITY,267,5.735096072040383e-05,0.9996422068296957
matched_answer,SENSITIVITY,268,5.4416768313423545e-05,0.9996966235980091
matched_answer,SENSITIVITY,269,5.378843880993938e-05,0.9997504120368191
matched_answer,SENSITIVITY,270,5.219623491110829e-05,0.9998026082717303
matched_answer,SENSITIVITY,271,5.137228535611656e-05,0.9998539805570864
matched_answer,SENSITIVITY,272,5.016897414577453e-05,0.9999041495312322
matched_answer,SENSITIVITY,273,4.914478915843188e-05,0.9999532943203906
matched_answer,SENSITIVITY,274,4.670567960948427e-05,1.0
matched_answer,SENSITIVITY,275,1.0803696961692608e-29,1.0
matched_reasoning,SENSITIVITY,1,0.2001356457700045,0.2001356457700045
matched_reasoning,SENSITIVITY,2,0.06541443661147969,0.2655500823814842
matched_reasoning,SENSITIVITY,3,0.05948877358651004,0.32503885596799426
matched_reasoning,SENSITIVITY,4,0.05472885210558048,0.37976770807357474
matched_reasoning,SENSITIVITY,5,0.04794722290420578,0.4277149309777805
matched_reasoning,SENSITIVITY,6,0.043993306002165854,0.47170823697994635
matched_reasoning,SENSITIVITY,7,0.03222795564041075,0.503936192620357
matched_reasoning,SENSITIVITY,8,0.026901549250576057,0.5308377418709331
matched_reasoning,SENSITIVITY,9,0.024975137986050836,0.555812879856984
matched_reasoning,SENSITIVITY,10,0.02230776184371982,0.5781206417007039
matched_reasoning,SENSITIVITY,11,0.019749838544452242,0.5978704802451561
matched_reasoning,SENSITIVITY,12,0.017871042196195577,0.6157415224413517
matched_reasoning,SENSITIVITY,13,0.016909478950524665,0.6326510013918764
matched_reasoning,SENSITIVITY,14,0.01481653275564057,0.6474675341475169
matched_reasoning,SENSITIVITY,15,0.013525908174626258,0.6609934423221432
matched_reasoning,SENSITIVITY,16,0.012328966423916345,0.6733224087460595
matched_reasoning,SENSITIVITY,17,0.011719803075998571,0.6850422118220582
matched_reasoning,SENSITIVITY,18,0.010746096563010867,0.695788308385069
matched_reasoning,SENSITIVITY,19,0.010326734600090447,0.7061150429851595
matched_reasoning,SENSITIVITY,20,0.009362952969642308,0.7154779959548018
matched_reasoning,SENSITIVITY,21,0.009177819544815183,0.724655815499617
matched_reasoning,SENSITIVITY,22,0.008500644532120934,0.733156460031738
matched_reasoning,SENSITIVITY,23,0.008209663833857206,0.7413661238655952
matched_reasoning,SENSITIVITY,24,0.007797178785792752,0.749163302651388
matched_reasoning,SENSITIVITY,25,0.007323747404505515,0.7564870500558935
matched_reasoning,SENSITIVITY,26,0.007075405005051469,0.7635624550609449
matched_reasoning,SENSITIVITY,27,0.006727774884637384,0.7702902299455823
matched_reasoning,SENSITIVITY,28,0.006116568412316587,0.7764067983578988
matched_reasoning,SENSITIVITY,29,0.006087157557247586,0.7824939559151464
matched_reasoning,SENSITIVITY,30,0.005711322027250752,0.7882052779423971
matched_reasoning,SENSITIVITY,31,0.005670293940018091,0.7938755718824152
matched_reasoning,SENSITIVITY,32,0.005523012378462935,0.7993985842608782
matched_reasoning,SENSITIVITY,33,0.005072208923622953,0.8044707931845011
matched_reasoning,SENSITIVITY,34,0.004890962093717047,0.8093617552782182
matched_reasoning,SENSITIVITY,35,0.004860095762010137,0.8142218510402284
matched_reasoning,SENSITIVITY,36,0.004716006778775796,0.8189378578190042
matched_reasoning,SENSITIVITY,37,0.0044392626542751265,0.8233771204732793
matched_reasoning,SENSITIVITY,38,0.004192677621404973,0.8275697980946842
matched_reasoning,SENSITIVITY,39,0.0041443192023172875,0.8317141172970015
matched_reasoning,SENSITIVITY,40,0.0038518361633847645,0.8355659534603863
matched_reasoning,SENSITIVITY,41,0.0037861354869266773,0.839352088947313
matched_reasoning,SENSITIVITY,42,0.003765192969331055,0.843117281916644
matched_reasoning,SENSITIVITY,43,0.00365806006327297,0.846775341979917
matched_reasoning,SENSITIVITY,44,0.0034783147140343357,0.8502536566939514
matched_reasoning,SENSITIVITY,45,0.0034163943183260635,0.8536700510122774
matched_reasoning,SENSITIVITY,46,0.0033653155341881653,0.8570353665464656
matched_reasoning,SENSITIVITY,47,0.003176110114942139,0.8602114766614077
matched_reasoning,SENSITIVITY,48,0.0031268546157558028,0.8633383312771635
matched_reasoning,SENSITIVITY,49,0.003054948633320263,0.8663932799104838
matched_reasoning,SENSITIVITY,50,0.0028758638584011165,0.8692691437688849
matched_reasoning,SENSITIVITY,51,0.002844342667277792,0.8721134864361627
matched_reasoning,SENSITIVITY,52,0.00274019519050858,0.8748536816266713
matched_reasoning,SENSITIVITY,53,0.0027106681698665287,0.8775643497965379
matched_reasoning,SENSITIVITY,54,0.0026325623942521923,0.8801969121907901
matched_reasoning,SENSITIVITY,55,0.0025348402497689278,0.882731752440559
matched_reasoning,SENSITIVITY,56,0.0024462020221382164,0.8851779544626972
matched_reasoning,SENSITIVITY,57,0.002401598905010266,0.8875795533677074
matched_reasoning,SENSITIVITY,58,0.002313851034935687,0.8898934044026431
matched_reasoning,SENSITIVITY,59,0.002280230292447611,0.8921736346950907
matched_reasoning,SENSITIVITY,60,0.002265306766875021,0.8944389414619657
matched_reasoning,SENSITIVITY,61,0.0022135471360091546,0.8966524885979749
matched_reasoning,SENSITIVITY,62,0.0021442872850368777,0.8987967758830118
matched_reasoning,SENSITIVITY,63,0.0021222328762499016,0.9009190087592617
matched_reasoning,SENSITIVITY,64,0.0020239111242474996,0.9029429198835092
matched_reasoning,SENSITIVITY,65,0.001984003090923025,0.9049269229744322
matched_reasoning,SENSITIVITY,66,0.001970705722187572,0.9068976286966198
matched_reasoning,SENSITIVITY,67,0.001895964435736822,0.9087935931323566
matched_reasoning,SENSITIVITY,68,0.0018767766367833872,0.9106703697691401
matched_reasoning,SENSITIVITY,69,0.0018611402640455875,0.9125315100331857
matched_reasoning,SENSITIVITY,70,0.0018029215469158846,0.9143344315801015
matched_reasoning,SENSITIVITY,71,0.0017566653029006435,0.9160910968830022
matched_reasoning,SENSITIVITY,72,0.001735386292386465,0.9178264831753886
matched_reasoning,SENSITIVITY,73,0.0016987773614378801,0.9195252605368265
matched_reasoning,SENSITIVITY,74,0.0016780824312652477,0.9212033429680917
matched_reasoning,SENSITIVITY,75,0.0016662587336023055,0.922869601701694
matched_reasoning,SENSITIVITY,76,0.0015922744269674825,0.9244618761286615
matched_reasoning,SENSITIVITY,77,0.0015364076010772588,0.9259982837297387
matched_reasoning,SENSITIVITY,78,0.001506193427709782,0.9275044771574484
matched_reasoning,SENSITIVITY,79,0.0014893155832717425,0.9289937927407201
matched_reasoning,SENSITIVITY,80,0.0014482949694711977,0.9304420877101913
matched_reasoning,SENSITIVITY,81,0.0014256264220940775,0.9318677141322854
matched_reasoning,SENSITIVITY,82,0.001384953475870265,0.9332526676081557
matched_reasoning,SENSITIVITY,83,0.001342792219682122,0.9345954598278379
matched_reasoning,SENSITIVITY,84,0.001323605235293984,0.9359190650631318
matched_reasoning,SENSITIVITY,85,0.0012952620056754084,0.9372143270688073
matched_reasoning,SENSITIVITY,86,0.0012647875340037584,0.938479114602811
matched_reasoning,SENSITIVITY,87,0.0012408265343458436,0.9397199411371568
matched_reasoning,SENSITIVITY,88,0.001231619406813801,0.9409515605439707
matched_reasoning,SENSITIVITY,89,0.0012052814543449522,0.9421568419983156
matched_reasoning,SENSITIVITY,90,0.0011653472453787125,0.9433221892436944
matched_reasoning,SENSITIVITY,91,0.0011169636133810555,0.9444391528570755
matched_reasoning,SENSITIVITY,92,0.0010958515487386152,0.9455350044058141
matched_reasoning,SENSITIVITY,93,0.001064852434382882,0.946599856840197
matched_reasoning,SENSITIVITY,94,0.0010567366267752731,0.9476565934669723
matched_reasoning,SENSITIVITY,95,0.0010276058379739795,0.9486841993049463
matched_reasoning,SENSITIVITY,96,0.0010077044815830318,0.9496919037865293
matched_reasoning,SENSITIVITY,97,0.000994512514933092,0.9506864163014624
matched_reasoning,SENSITIVITY,98,0.0009681208853233134,0.9516545371867857
matched_reasoning,SENSITIVITY,99,0.0009593261053638919,0.9526138632921496
matched_reasoning,SENSITIVITY,100,0.0009379396559613951,0.9535518029481109
matched_reasoning,SENSITIVITY,101,0.0009237495995478082,0.9544755525476587
matched_reasoning,SENSITIVITY,102,0.0009166622645111654,0.9553922148121698
matched_reasoning,SENSITIVITY,103,0.00088580225849349,0.9562780170706633
matched_reasoning,SENSITIVITY,104,0.0008765406425330129,0.9571545577131964
matched_reasoning,SENSITIVITY,105,0.000863540660839344,0.9580180983740357
matched_reasoning,SENSITIVITY,106,0.0008296270836988202,0.9588477254577346
matched_reasoning,SENSITIVITY,107,0.0008265696662352016,0.9596742951239697
matched_reasoning,SENSITIVITY,108,0.000790340585078989,0.9604646357090487
matched_reasoning,SENSITIVITY,109,0.000777285848175852,0.9612419215572245
matched_reasoning,SENSITIVITY,110,0.0007604770270372194,0.9620023985842617
matched_reasoning,SENSITIVITY,111,0.0007427207904504221,0.9627451193747122
matched_reasoning,SENSITIVITY,112,0.000733379281767478,0.9634784986564797
matched_reasoning,SENSITIVITY,113,0.0007158702001850372,0.9641943688566648
matched_reasoning,SENSITIVITY,114,0.000707400385824246,0.964901769242489
matched_reasoning,SENSITIVITY,115,0.0006837782495656303,0.9655855474920547
matched_reasoning,SENSITIVITY,116,0.000672045347292879,0.9662575928393476
matched_reasoning,SENSITIVITY,117,0.0006716934947332885,0.9669292863340809
matched_reasoning,SENSITIVITY,118,0.0006533231970634071,0.9675826095311444
matched_reasoning,SENSITIVITY,119,0.0006428903090938014,0.9682254998402382
matched_reasoning,SENSITIVITY,120,0.0006346052584724764,0.9688601050987107
matched_reasoning,SENSITIVITY,121,0.0006313804566607578,0.9694914855553715
matched_reasoning,SENSITIVITY,122,0.0006137091902841274,0.9701051947456556
matched_reasoning,SENSITIVITY,123,0.0005932081691586229,0.9706984029148142
matched_reasoning,SENSITIVITY,124,0.0005832072576386646,0.971281610172453
matched_reasoning,SENSITIVITY,125,0.0005789641324153164,0.9718605743048683
matched_reasoning,SENSITIVITY,126,0.0005584554760694534,0.9724190297809377
matched_reasoning,SENSITIVITY,127,0.0005444690606092978,0.9729634988415471
matched_reasoning,SENSITIVITY,128,0.0005372084681872809,0.9735007073097344
matched_reasoning,SENSITIVITY,129,0.0005198710327750739,0.9740205783425094
matched_reasoning,SENSITIVITY,130,0.0005160596303165805,0.974536637972826
matched_reasoning,SENSITIVITY,131,0.0005018916030173657,0.9750385295758434
matched_reasoning,SENSITIVITY,132,0.0004956696702402443,0.9755341992460836
matched_reasoning,SENSITIVITY,133,0.0004928220830346415,0.9760270213291183
matched_reasoning,SENSITIVITY,134,0.00047899373799351996,0.9765060150671119
matched_reasoning,SENSITIVITY,135,0.0004681392595815308,0.9769741543266934
matched_reasoning,SENSITIVITY,136,0.00046200727941779,0.9774361616061112
matched_reasoning,SENSITIVITY,137,0.00044896468614301756,0.9778851262922542
matched_reasoning,SENSITIVITY,138,0.00042813957260885304,0.9783132658648631
matched_reasoning,SENSITIVITY,139,0.0004242208201022794,0.9787374866849654
matched_reasoning,SENSITIVITY,140,0.00041465241036613067,0.9791521390953315
matched_reasoning,SENSITIVITY,141,0.0004086792900308358,0.9795608183853624
matched_reasoning,SENSITIVITY,142,0.00039847925903089437,0.9799592976443933
matched_reasoning,SENSITIVITY,143,0.00039626527835841697,0.9803555629227517
matched_reasoning,SENSITIVITY,144,0.00039201219021631087,0.9807475751129681
matched_reasoning,SENSITIVITY,145,0.0003866322843303005,0.9811342073972984
matched_reasoning,SENSITIVITY,146,0.0003826038482758022,0.9815168112455742
matched_reasoning,SENSITIVITY,147,0.00037114897121479204,0.981887960216789
matched_reasoning,SENSITIVITY,148,0.0003656917952569867,0.9822536520120461
matched_reasoning,SENSITIVITY,149,0.0003535756937457968,0.9826072277057919
matched_reasoning,SENSITIVITY,150,0.0003469531145343847,0.9829541808203263
matched_reasoning,SENSITIVITY,151,0.0003367303791901428,0.9832909111995164
matched_reasoning,SENSITIVITY,152,0.00032977125473038823,0.9836206824542468
matched_reasoning,SENSITIVITY,153,0.00032685579978933147,0.9839475382540361
matched_reasoning,SENSITIVITY,154,0.0003227906317822529,0.9842703288858183
matched_reasoning,SENSITIVITY,155,0.0003176048904319978,0.9845879337762503
matched_reasoning,SENSITIVITY,156,0.00031070403573396876,0.9848986378119843
matched_reasoning,SENSITIVITY,157,0.000304943974007715,0.985203581785992
matched_reasoning,SENSITIVITY,158,0.000299257231250223,0.9855028390172422
matched_reasoning,SENSITIVITY,159,0.00029336868101194975,0.9857962076982542
matched_reasoning,SENSITIVITY,160,0.00029016688948660076,0.9860863745877407
matched_reasoning,SENSITIVITY,161,0.00028453712187714896,0.9863709117096179
matched_reasoning,SENSITIVITY,162,0.00027786652360145244,0.9866487782332193
matched_reasoning,SENSITIVITY,163,0.0002716607796639615,0.9869204390128833
matched_reasoning,SENSITIVITY,164,0.000267329426949562,0.9871877684398328
matched_reasoning,SENSITIVITY,165,0.0002628215705785293,0.9874505900104114
matched_reasoning,SENSITIVITY,166,0.00025636086809905804,0.9877069508785105
matched_reasoning,SENSITIVITY,167,0.00025364094962956337,0.98796059182814
matched_reasoning,SENSITIVITY,168,0.00025019548143177827,0.9882107873095718
matched_reasoning,SENSITIVITY,169,0.00024455483102427345,0.988455342140596
matched_reasoning,SENSITIVITY,170,0.00023929022370404047,0.9886946323643001
matched_reasoning,SENSITIVITY,171,0.00023521398022637035,0.9889298463445265
matched_reasoning,SENSITIVITY,172,0.00022917518324129405,0.9891590215277678
matched_reasoning,SENSITIVITY,173,0.00022523255381573897,0.9893842540815836
matched_reasoning,SENSITIVITY,174,0.00022386766521909082,0.9896081217468027
matched_reasoning,SENSITIVITY,175,0.00021945386891108272,0.9898275756157138
matched_reasoning,SENSITIVITY,176,0.0002155624718685787,0.9900431380875824
matched_reasoning,SENSITIVITY,177,0.00021123515082899477,0.9902543732384114
matched_reasoning,SENSITIVITY,178,0.00020836544927888036,0.9904627386876903
matched_reasoning,SENSITIVITY,179,0.0002058418273892158,0.9906685805150796
matched_reasoning,SENSITIVITY,180,0.00019946773600998616,0.9908680482510895
matched_reasoning,SENSITIVITY,181,0.00019643470521222563,0.9910644829563018
matched_reasoning,SENSITIVITY,182,0.00019122981325598134,0.9912557127695578
matched_reasoning,SENSITIVITY,183,0.0001905701006394328,0.9914462828701972
matched_reasoning,SENSITIVITY,184,0.0001866098452464594,0.9916328927154436
matched_reasoning,SENSITIVITY,185,0.00018316001568537,0.991816052731129
matched_reasoning,SENSITIVITY,186,0.00017890963144143903,0.9919949623625705
matched_reasoning,SENSITIVITY,187,0.00017823351186705677,0.9921731958744375
matched_reasoning,SENSITIVITY,188,0.00017436241422656167,0.9923475582886641
matched_reasoning,SENSITIVITY,189,0.00017165110501026748,0.9925192093936743
matched_reasoning,SENSITIVITY,190,0.00017121037639211022,0.9926904197700664
matched_reasoning,SENSITIVITY,191,0.0001664276351107522,0.9928568474051772
matched_reasoning,SENSITIVITY,192,0.000163906068453842,0.9930207534736311
matched_reasoning,SENSITIVITY,193,0.00015897484612748761,0.9931797283197585
matched_reasoning,SENSITIVITY,194,0.00015811838649316514,0.9933378467062517
matched_reasoning,SENSITIVITY,195,0.00015532759732466437,0.9934931743035763
matched_reasoning,SENSITIVITY,196,0.0001537638212550024,0.9936469381248313
matched_reasoning,SENSITIVITY,197,0.00014995421228160825,0.9937968923371129
matched_reasoning,SENSITIVITY,198,0.00014857967242884278,0.9939454720095418
matched_reasoning,SENSITIVITY,199,0.00014607101155139564,0.9940915430210931
matched_reasoning,SENSITIVITY,200,0.00014367013899140659,0.9942352131600846
matched_reasoning,SENSITIVITY,201,0.00014110941748951626,0.9943763225775741
matched_reasoning,SENSITIVITY,202,0.00013804331012887442,0.994514365887703
matched_reasoning,SENSITIVITY,203,0.00013533162370775022,0.9946496975114107
matched_reasoning,SENSITIVITY,204,0.0001326305777232234,0.9947823280891339
matched_reasoning,SENSITIVITY,205,0.00013088577119886282,0.9949132138603328
matched_reasoning,SENSITIVITY,206,0.00012865716971106452,0.9950418710300439
matched_reasoning,SENSITIVITY,207,0.00012642572483582303,0.9951682967548797
matched_reasoning,SENSITIVITY,208,0.00012355244173506918,0.9952918491966148
matched_reasoning,SENSITIVITY,209,0.00012005570163819527,0.995411904898253
matched_reasoning,SENSITIVITY,210,0.00011945389694430345,0.9955313587951974
matched_reasoning,SENSITIVITY,211,0.00011786457025360413,0.995649223365451
matched_reasoning,SENSITIVITY,212,0.00011586664124424902,0.9957650900066953
matched_reasoning,SENSITIVITY,213,0.00011303621962244,0.9958781262263178
matched_reasoning,SENSITIVITY,214,0.00011271525986191562,0.9959908414861797
matched_reasoning,SENSITIVITY,215,0.00010914686254741029,0.996099988348727
matched_reasoning,SENSITIVITY,216,0.00010616579400123702,0.9962061541427283
matched_reasoning,SENSITIVITY,217,0.00010492680294807145,0.9963110809456763
matched_reasoning,SENSITIVITY,218,0.00010358912219598272,0.9964146700678723
matched_reasoning,SENSITIVITY,219,0.00010221966689382416,0.9965168897347662
matched_reasoning,SENSITIVITY,220,9.975277664626057e-05,0.9966166425114125
matched_reasoning,SENSITIVITY,221,9.731160406862634e-05,0.9967139541154811
matched_reasoning,SENSITIVITY,222,9.611708817387582e-05,0.9968100712036551
matched_reasoning,SENSITIVITY,223,9.509366747558861e-05,0.9969051648711307
matched_reasoning,SENSITIVITY,224,9.42964430847078e-05,0.9969994613142154
matched_reasoning,SENSITIVITY,225,9.16104994619921e-05,0.9970910718136774
matched_reasoning,SENSITIVITY,226,8.94416583170358e-05,0.9971805134719944
matched_reasoning,SENSITIVITY,227,8.866750554697319e-05,0.9972691809775414
matched_reasoning,SENSITIVITY,228,8.830182094597469e-05,0.9973574827984873
matched_reasoning,SENSITIVITY,229,8.657864073321798e-05,0.9974440614392206
matched_reasoning,SENSITIVITY,230,8.447788989360115e-05,0.9975285393291142
matched_reasoning,SENSITIVITY,231,8.322614461247971e-05,0.9976117654737267
matched_reasoning,SENSITIVITY,232,8.186164017039804e-05,0.9976936271138971
matched_reasoning,SENSITIVITY,233,8.049072630371901e-05,0.9977741178402008
matched_reasoning,SENSITIVITY,234,7.71503879855641e-05,0.9978512682281864
matched_reasoning,SENSITIVITY,235,7.537749512922066e-05,0.9979266457233156
matched_reasoning,SENSITIVITY,236,7.526304766402205e-05,0.9980019087709796
matched_reasoning,SENSITIVITY,237,7.40449446405316e-05,0.9980759537156202
matched_reasoning,SENSITIVITY,238,7.211823283150431e-05,0.9981480719484517
matched_reasoning,SENSITIVITY,239,7.174674999026075e-05,0.9982198186984419
matched_reasoning,SENSITIVITY,240,7.105433190379972e-05,0.9982908730303457
matched_reasoning,SENSITIVITY,241,6.882843557782277e-05,0.9983597014659236
matched_reasoning,SENSITIVITY,242,6.616397915799299e-05,0.9984258654450816
matched_reasoning,SENSITIVITY,243,6.547782969632352e-05,0.998491343274778
matched_reasoning,SENSITIVITY,244,6.446306405657064e-05,0.9985558063388346
matched_reasoning,SENSITIVITY,245,6.298721340964015e-05,0.9986187935522443
matched_reasoning,SENSITIVITY,246,6.265159095988418e-05,0.9986814451432041
matched_reasoning,SENSITIVITY,247,6.105515756201e-05,0.9987425003007662
matched_reasoning,SENSITIVITY,248,5.973893123620865e-05,0.9988022392320024
matched_reasoning,SENSITIVITY,249,5.9611317930852844e-05,0.9988618505499333
matched_reasoning,SENSITIVITY,250,5.898638769959026e-05,0.9989208369376329
matched_reasoning,SENSITIVITY,251,5.856174342893278e-05,0.9989793986810618
matched_reasoning,SENSITIVITY,252,5.6272457977905334e-05,0.9990356711390397
matched_reasoning,SENSITIVITY,253,5.478719859428224e-05,0.999090458337634
matched_reasoning,SENSITIVITY,254,5.3760706667606105e-05,0.9991442190443016
matched_reasoning,SENSITIVITY,255,5.2648905046637916e-05,0.9991968679493483
matched_reasoning,SENSITIVITY,256,5.20132832799583e-05,0.9992488812326282
matched_reasoning,SENSITIVITY,257,5.1756711139005034e-05,0.9993006379437672
matched_reasoning,SENSITIVITY,258,4.9230065408626325e-05,0.9993498680091758
matched_reasoning,SENSITIVITY,259,4.797546757230422e-05,0.9993978434767481
matched_reasoning,SENSITIVITY,260,4.705083515210635e-05,0.9994448943119002
matched_reasoning,SENSITIVITY,261,4.6778534033368815e-05,0.9994916728459335
matched_reasoning,SENSITIVITY,262,4.543807134031508e-05,0.9995371109172738
matched_reasoning,SENSITIVITY,263,4.487265055067201e-05,0.9995819835678245
matched_reasoning,SENSITIVITY,264,4.439100287240377e-05,0.9996263745706969
matched_reasoning,SENSITIVITY,265,4.2636374061443e-05,0.9996690109447584
matched_reasoning,SENSITIVITY,266,4.2173684172754696e-05,0.9997111846289312
matched_reasoning,SENSITIVITY,267,4.029207069239281e-05,0.9997514766996235
matched_reasoning,SENSITIVITY,268,3.8389265317749244e-05,0.9997898659649412
matched_reasoning,SENSITIVITY,269,3.827188337527501e-05,0.9998281378483165
matched_reasoning,SENSITIVITY,270,3.663276658209991e-05,0.9998647706148985
matched_reasoning,SENSITIVITY,271,3.571189507472845e-05,0.9999004825099732
matched_reasoning,SENSITIVITY,272,3.432356557914193e-05,0.9999348060755524
matched_reasoning,SENSITIVITY,273,3.294105949977476e-05,0.9999677471350522
matched_reasoning,SENSITIVITY,274,3.2252864949266584e-05,1.0000000000000016
matched_reasoning,SENSITIVITY,275,5.850226172128038e-30,1.0000000000000016
