role,mean_len_A,mean_len_B,score_A_on_axisB,score_B_on_axisA
aberration,1099.7375,1106.475,-0.5336635752146713,-0.7048749534695761
absurdist,1154.75,1138.2875,-0.9775685967218284,-1.0689263377988407
accountant,1197.2625,1171.9,-0.3550730276045665,-0.5918110430307385
activist,1160.85,1242.8,-0.48236488669660327,-0.6945085081950642
actor,1116.725,1146.1625,-0.3228886211560635,-0.5554800356148615
addict,1103.2625,1156.4375,-0.4905827811321722,-0.7598205358538707
adolescent,1233.1625,1160.925,-0.11269676375384906,-0.3824491297738253
advocate,1183.425,1178.475,-0.3325780938936075,-0.4963083313593007
alien,1130.4125,1116.6375,-0.5955894504150528,-0.7311035060108518
altruist,1181.5125,1178.775,-0.270536171995099,-0.5039401415802484
amateur,1284.7125,1227.5,-0.05731233858756289,-0.355552481476065
ambassador,1098.9625,1131.025,-0.30655665206426574,-0.471373830630087
amnesiac,1177.8375,1111.3125,-0.4482713725789842,-0.7831126670803431
analyst,1235.8625,1250.6875,-0.13630098643194927,-0.42172240994478244
anarchist,1100.55,1116.625,-0.8810219128262546,-1.0929670295843663
ancient,1158.35,1174.5,-0.41755543721577787,-0.6154043287769356
angel,1174.5375,1123.6375,-0.35047420029899734,-0.5470387155692105
anthropologist,1208.0875,1174.7125,-0.4531003679948772,-0.6625501050147479
archaeologist,1180.6,1130.2625,-0.5329954994554945,-0.7729634801536738
architect,1194.2875,1189.7,-0.47058186584160483,-0.6865518360399556
archivist,1186.3375,1199.8875,-0.35046408579200883,-0.629754663553812
artisan,1172.5875,1142.2,-0.5538715063142055,-0.6944169552206024
ascetic,1093.3,1087.9375,-0.9563443475812734,-1.1697057704288554
assistant,1199.8625,1162.075,-0.021445109205423696,-0.33173610225153133
auctioneer,1188.2625,1081.525,-0.6067628117702926,-0.7799485582016251
auditor,1161.9875,1174.2625,-0.277061060753029,-0.599037868015116
avatar,1122.5375,1140.7375,-0.47474858206224474,-0.7239918136034647
bard,1133.3625,1109.05,-0.8304890334821972,-0.8943803574730421
bartender,1157.7875,1111.0375,-0.5037025870259652,-0.6986417592740325
biologist,1123.1625,1152.0375,-0.6080335752849819,-0.7506199423649557
blogger,1213.45,1207.9625,-0.30149104359879375,-0.4721449241145468
bohemian,1065.6125,1095.2125,-1.0259941146372973,-1.0946160959272269
builder,1207.6875,1208.0125,-0.30035835234555175,-0.525306199751711
caregiver,1144.975,1110.4125,-0.31569064770709354,-0.5531163203448006
cartographer,1202.6375,1193.9,-0.31440118354430613,-0.5702394477837192
caveman,1016.925,980.3875,-0.9476999433751444,-1.1561063998943841
celebrity,1113.8125,1057.3875,-0.4964658766763924,-0.756924829699368
chameleon,1135.8375,1139.425,-0.327410303506531,-0.5415725687787397
chef,1143.525,1137.5125,-0.4455773331020056,-0.6625383359810086
chemist,1305.225,1144.1625,-0.5248219397680187,-0.7629653541997788
chimera,1100.0,1088.2875,-0.5890744485579134,-0.848810420184472
coach,1204.225,1220.5875,-0.15093494956296294,-0.42631547511270473
collaborator,1162.85,1198.5375,-0.14213296048030977,-0.4178323548880749
collector,1217.2,1182.55,-0.37847557145845423,-0.6111862159496806
comedian,1167.0375,1155.2375,-0.36577062499168445,-0.5989435325353583
competitor,1131.475,1100.9125,-0.48854902373088194,-0.7817294435778072
composer,1169.1,1191.2875,-0.7114165095124583,-0.8253436518552231
conservator,1118.075,1171.9,-0.5652395488270987,-0.7569041045926246
consultant,1245.3375,1208.775,-0.1486528928503073,-0.4237441641088092
contrarian,1211.625,1238.725,-0.3913204251950493,-0.5921607142595577
coordinator,1228.4125,1199.4125,-0.22352268654808516,-0.5008594460500806
coral_reef,1078.2625,1115.975,-1.1260629767166548,-1.1621073459105289
cosmopolitan,1159.375,1132.3875,-0.30638792884486543,-0.572703414226039
counselor,1136.0125,1180.2125,-0.1520962047783273,-0.43253466099147053
criminal,1136.5875,1122.4125,-0.8582218443015726,-1.0334515475416033
critic,1232.5875,1222.8375,-0.21533917650060733,-0.46176906150394736
crystalline,1133.8125,1120.3375,-0.8150215362455626,-0.969038483622547
curator,1252.5375,1226.2875,-0.36656182853794184,-0.5689022570121856
cyborg,1275.2125,1132.2375,-0.20946387439361433,-0.4915682344197335
cynic,1121.05,1045.9125,-0.7990985210220438,-1.0909288300290845
daredevil,1157.0375,1122.0875,-0.5446495026556895,-0.8134036441213011
debugger,1234.25,1199.3875,-0.11929012132675103,-0.3769493563829355
demon,1154.05,1115.1,-0.7181923527027165,-0.8974543583146779
designer,1231.25,1204.5875,-0.41138729516641204,-0.6322401219286586
destroyer,1174.3375,1181.1875,-0.3586126352911487,-0.5792106914971092
detective,1221.1625,1180.2875,-0.2016190016455574,-0.4521495552571486
devils_advocate,1241.7375,1228.05,-0.27106312238994223,-0.5443343321844696
dilettante,1242.8,1206.775,-0.14252195835780182,-0.4428144769059775
dispatcher,1206.3375,1188.725,-0.18107601506608872,-0.4887204387519035
divorcee,1139.7625,1150.6875,-0.3722957787868203,-0.6898244286285391
doctor,1192.2625,1158.4625,-0.21133805709936024,-0.43706283837272175
dreamer,1184.15,1176.8125,-0.3930097599911129,-0.6143818340754892
echo,1143.15,1148.125,-0.5605551600206495,-0.7108929551132448
economist,1245.5875,1204.3875,-0.22207754328050128,-0.5153670988246999
ecosystem,1136.575,1118.85,-0.47247596210409226,-0.7566171301952758
editor,1168.2375,1118.95,-0.2561394451369086,-0.46741615474197923
egregore,1158.3375,1175.8,-0.529959357204903,-0.7176000190639817
elder,1167.05,1165.8375,-0.33184151115380556,-0.5514428849939141
eldritch,1157.35,1116.3375,-0.6735710717725859,-0.8933777033430892
emissary,1146.5625,1144.525,-0.2283821874072032,-0.4979696978122949
empath,1158.3875,1152.3125,-0.2057264263284983,-0.43552663375241774
engineer,1246.0375,1203.375,-0.19394918099409267,-0.47862108734942554
entrepreneur,1258.8125,1215.625,-0.3800088317716417,-0.6986811938919655
evaluator,1225.075,1222.175,-0.13730881787833105,-0.42365550590822176
evangelist,1173.775,1209.2125,-0.25638707025804414,-0.5011222351313276
examiner,1173.7125,1174.2125,-0.17663129062469418,-0.47110526430704713
exile,1162.5625,1155.3125,-0.552520743578819,-0.7561008018277674
expatriate,1209.6875,1186.4125,-0.3423904966838609,-0.6010872612826772
facilitator,1200.675,1199.2875,-0.16259396725098588,-0.4630112683005222
familiar,1200.55,1135.4,-0.35098412566710024,-0.6839806206990456
fixer,1184.5125,1147.425,-0.2753660160419034,-0.5518486917809351
flaneur,1192.175,1195.2875,-0.47290883025497266,-0.7443739571809438
fool,1148.3375,1128.4875,-0.21245546507196827,-0.5027378768786145
forecaster,1214.3625,1211.0875,-0.16790045074974908,-0.44386457222445924
futurist,1250.4375,1211.15,-0.2776867454055637,-0.5268526484910866
gamer,1206.725,1166.575,-0.47754172815808404,-0.7114690395076797
generalist,1272.3,1247.675,-0.09138764596252558,-0.3851291783041445
genie,1137.7125,1166.4,-0.4880271353123634,-0.7863491922384713
geographer,1208.1875,1181.125,-0.47239319059636226,-0.6741399446233446
ghost,1141.2,1153.15,-0.4939670091842929,-0.7433838151683365
golem,1188.075,1183.7125,-0.7533917745116945,-0.9406673450298503
gossip,1162.5,1188.2875,-0.24146173391786044,-0.47808498825848655
grader,1209.5125,1206.275,-0.1493919414544565,-0.376991746577539
graduate,1269.675,1221.0375,-0.18977510934332162,-0.5182724820050596
grandparent,1104.75,1036.0375,-0.48887016622207774,-0.6851594078347449
guardian,1148.0625,1139.2625,-0.2947621719152866,-0.5337722539455536
guide,1210.375,1201.625,-0.11187634653091554,-0.3864057355750298
guru,1225.5,1211.5375,-0.27743063013860114,-0.5417276624503522
hacker,1239.5,1189.55,-0.4365588949218431,-0.6739320156722856
healer,1150.8625,1149.4125,-0.3091022332140205,-0.5932830311043199
hedonist,1150.25,1096.025,-0.8078507973408273,-0.9459738013179879
hermit,1129.425,1160.975,-0.6054009858158329,-0.8432654481365844
historian,1184.4125,1213.5625,-0.4185502808723729,-0.5863003066871642
hive,1190.425,1181.2875,-0.304806712787744,-0.539564003033344
hoarder,1130.35,1143.4875,-0.6431897260842564,-0.9527231303408324
homunculus,1175.3625,1232.0625,-0.8011585878678783,-1.0040541243212067
hybrid,1217.4625,1129.8875,-0.3219307009150782,-0.6092655063884955
idealist,1149.25,1176.625,-0.40214520604675763,-0.7145511404767027
immigrant,1148.6125,1154.75,-0.5114955599065152,-0.8075587998460645
improviser,1140.8,1149.1125,-0.20176830605099322,-0.438307651236559
infant,973.0125,974.225,-0.7034571880290204,-0.9228295877979076
influencer,1175.775,1177.8375,-0.32681338303156027,-0.5546995200149274
instructor,1221.5625,1239.6875,-0.13165662900583047,-0.3857419903221009
interpreter,1194.7125,1135.3875,-0.1585367625026923,-0.40972999714301717
interviewer,1182.725,1136.0,-0.1369370528786244,-0.4423231927357242
jester,1123.6875,1109.2,-0.4998037696133454,-0.6935180149042743
journalist,1211.125,1163.5,-0.18913513858035985,-0.4670487077064359
judge,1139.1125,1188.025,-0.18282565506043336,-0.4137161224257767
lawyer,1212.675,1223.725,-0.3221040535815368,-0.5954432017132485
leviathan,1108.125,1123.825,-1.0903759131472404,-1.0829443708283366
librarian,1195.6875,1183.4375,-0.23060987993745063,-0.5138020207603063
linguist,1228.975,1159.5625,-0.4921349084845129,-0.6578279368225393
loner,1125.9125,1087.725,-0.4566760472298603,-0.7923775754758811
luddite,1123.746835443038,1104.3625,-0.8810561843002402,-1.0639485200910062
marketer,1181.2375,1202.5375,-0.46516178485136517,-0.6848055196829115
martyr,1129.4875,1086.2375,-0.6003041223685572,-0.9047119820678394
mathematician,1328.5375,1333.8875,-0.2853629683601503,-0.5490646857046129
maverick,1195.925,1211.2375,-0.3339253811659663,-0.5801340669427608
mechanic,1195.4125,1177.325,-0.22859542137866679,-0.5589801648376498
mediator,1170.075,1207.025,-0.16783796093941908,-0.45358523139399465
mentor,1246.1898734177216,1229.7125,-0.12111016522494772,-0.4080880845038726
merchant,1096.5625,1131.525,-0.5103736757120398,-0.7712672396702045
minimalist,1064.9375,1106.75,-0.6316731106291171,-0.8802606516464642
moderator,1196.0,1145.5875,-0.12025500926580268,-0.41792016259637044
musician,1145.8125,1107.1125,-0.7021488544970311,-0.961575344170687
mycorrhizal,1145.075,1088.25,-0.7618127651502661,-1.0520291908509036
mystic,1162.6,1151.1375,-0.5235365586467302,-0.7591125397438538
narcissist,1032.225,951.6125,-0.839944873943,-1.0694096041014332
narrator,1217.6875,1195.1375,-0.3099692445238057,-0.6254547478109209
naturalist,1183.825,1177.8125,-0.4846377765689869,-0.7472715335283073
navigator,1205.8875,1259.5875,-0.17523919332011256,-0.40676748100631266
negotiator,1138.05,1164.9125,-0.27309169418845686,-0.5064450894046875
networker,1118.5,1168.15,-0.22342412022218147,-0.5143441295465161
newlywed,1163.65,1169.2,-0.3616892392801777,-0.6715762579719748
nomad,1185.2,1198.0625,-0.5811495890590588,-0.8020669146764867
novelist,1273.3125,1230.4125,-0.6612899670754937,-0.7911457007246204
nutritionist,1104.875,1130.525,-0.4310473002819676,-0.6540518497732508
observer,1176.6625,1162.0625,-0.11772578494277669,-0.4123424359642085
optimist,1110.625,1131.275,-0.3227930976884871,-0.575666577115276
oracle,1177.5,1188.7625,-0.24437633819301396,-0.5158286841608641
organizer,1232.9125,1178.5625,-0.18518934767853237,-0.4330901429934315
orphan,1184.3125,1143.9375,-0.44190775815943395,-0.7055406309708189
pacifist,1087.475,1070.7375,-0.502039871707963,-0.7532154678117898
paramedic,1134.5125,1159.4,-0.37877064362563817,-0.6053169036689845
parasite,1122.1125,1097.8125,-0.7872687089584947,-1.0134301645326294
parent,1159.9,1120.0625,-0.34300767245879094,-0.7016773258538224
patient,1113.7625,1128.9375,-0.26705540106543657,-0.5323352878808152
peacekeeper,1188.9875,1222.0625,-0.17071088800857412,-0.4591395285790124
perfectionist,1214.95,1247.8125,-0.3047467122288561,-0.5624077391423946
pharmacist,1186.7875,1149.3625,-0.340066823545632,-0.6441785728631739
philosopher,1262.3625,1275.05,-0.2853305487850796,-0.5440733988656697
photographer,1123.5,1103.4875,-0.7439482606102553,-0.9899671179258167
physicist,1222.475,1164.025,-0.4650365701116597,-0.6970214840092573
pilgrim,1170.925,1139.85,-0.638552850182055,-0.7950439960483278
pilot,1128.775,1086.675,-0.5047282350875244,-0.7957768441806405
pirate,1098.8875,1085.4375,-1.014479773207766,-1.2527036393634836
planner,1230.725,1194.075,-0.1363978324784091,-0.4939565218491855
playwright,1203.6125,1233.3125,-0.5855656985157344,-0.8101785474139467
podcaster,1256.75,1226.4625,-0.2604536190868698,-0.5298414817689832
poet,1016.45,1016.9625,-0.8803768038286467,-1.0588831448828464
polymath,1266.2875,1265.2,-0.17293541624381367,-0.45161438203433635
pragmatist,1187.1375,1150.5625,-0.22585043893348572,-0.49390179569327786
predator,1210.525,1189.0875,-0.49790380387490335,-0.7521150918638222
presenter,1202.2125,1173.1875,-0.1930727897135091,-0.48057627549467274
prey,1150.5125,1103.5875,-0.6016239029272517,-0.7306362299092859
prisoner,1118.975,1135.825,-0.5103282688564714,-0.7700524454548461
procrastinator,1202.4,1144.7875,-0.3079521797643429,-0.6120480098853689
prodigy,1198.625,1241.05,-0.13584875369394564,-0.4639475230252068
producer,1197.5625,1200.9125,-0.3767316772533402,-0.6677295205955891
programmer,1226.2625,1208.8,-0.1871119051704752,-0.4870219701221265
proofreader,1105.0,1172.2375,-0.1535245099228567,-0.3709471007141506
prophet,1133.6375,1120.15,-0.5183806592101705,-0.644684906371304
provincial,1114.3875,1046.3625,-0.6497528874923144,-0.9095416525803108
provocateur,1164.05,1204.3125,-0.4641828106890594,-0.6843136909747543
psychologist,1190.525,1209.5875,-0.26292835031826545,-0.4968647594278096
publisher,1182.4375,1243.0125,-0.3185460124334365,-0.52479634138061
purist,1179.675,1121.4,-0.37751527746290947,-0.6196880124521889
realist,1180.2125,1184.5125,-0.17738277064441998,-0.43855302260202284
rebel,1142.3875,1146.0625,-0.5516559139955108,-0.749585444166184
recruiter,1154.325,1204.0375,-0.3269671045203276,-0.6058232804023932
refugee,1198.725,1143.725,-0.4176479266309996,-0.7295450217547979
reporter,1194.975,1147.825,-0.20344872287387472,-0.4708317125532278
researcher,1253.8,1269.7875,-0.13111335825607362,-0.37882507523089837
retiree,1172.1125,1169.0375,-0.3093206664233391,-0.6497566304484488
revenant,1134.7375,1148.6125,-0.653555398341986,-0.8711246784458777
reviewer,1250.7125,1257.375,-0.1502550213810327,-0.4271930791890548
revolutionary,1169.6375,1131.25,-0.6280412703415112,-0.8904827432857312
robot,1200.05,1195.475,-0.22121152056098214,-0.4886016032126219
rogue,1168.825,1123.15,-0.5883564920451272,-0.8651751266994581
romantic,1042.775,1069.8,-0.7938479427540788,-0.9218011092779392
saboteur,1182.2875,1159.35,-0.5911537911679425,-0.8445585466275911
sage,1200.2875,1206.55,-0.1999204943592962,-0.45986504760358904
scheduler,1269.2875,1167.025,-0.25119124987971175,-0.5341485308206797
scholar,1280.3125,1268.8625,-0.15946617823711662,-0.41905194087428443
scientist,1254.4,1262.225,-0.20690336338888288,-0.4423625072710061
scout,1162.4,1193.675,-0.2463740248733391,-0.47962922335887515
screener,1164.3875,1152.6125,-0.16159304034127575,-0.4458266740240484
secretary,1172.8375,1146.4125,-0.27585934501055454,-0.5206670322395801
shaman,1113.375,1114.0125,-0.9976751207680462,-1.1064459233153419
shapeshifter,1182.9875,1097.5,-0.5446348916835742,-0.8134756192382708
simulacrum,1215.9375,1169.1125,-0.45534602318978135,-0.7058815060737529
skeptic,1323.8125,1263.225,-0.18120473680435195,-0.46390864287040234
smuggler,1157.0,1136.5875,-0.8363091486303836,-1.0685714052599797
sociologist,1220.175,1244.7625,-0.3059789358857257,-0.5462004336202775
soldier,1121.55,1106.825,-0.658912191694555,-0.9015233108058449
sommelier,1132.475,1075.625,-0.6682314915745989,-0.8862053827393519
specialist,1265.05,1227.0125,-0.10908791516323542,-0.4146698117796991
spirit,1161.0875,1126.5,-0.38454530225418526,-0.6559637932606128
spy,1188.45,1099.475,-0.43894813097011687,-0.7178819710104783
statistician,1266.625,1192.1,-0.2579927250078163,-0.5271129170774798
stoic,1042.1125,1034.675,-0.661620232200909,-0.887114336591013
strategist,1273.4875,1283.65,-0.2176223424827995,-0.5119483344827365
student,1273.8875,1228.4625,-0.07203256620262224,-0.3285188208285662
summarizer,1132.3,1073.0625,-0.07448333619394568,-0.35748442782240675
supervisor,1178.05,1105.6,-0.21356776049766055,-0.5752118363885945
surfer,1172.55,1122.9375,-0.6004430954968965,-0.8460429502924516
survivor,1166.1375,1133.175,-0.3889483443925901,-0.6791435595748747
swarm,1224.75,1198.9875,-0.34337473788173983,-0.6050460636630162
symbiont,1131.8875,1115.9375,-0.497148204487623,-0.7020469936339657
synthesizer,1184.8875,1200.2125,-0.1661184391529299,-0.4316909006615359
teacher,1237.1,1224.55,-0.16291632551078752,-0.4080287936302802
technologist,1216.825,1209.375,-0.21581955337079134,-0.530788245986201
teenager,1177.9625,1205.9875,-0.05316275494313434,-0.3715461285658777
theorist,1309.075,1245.5,-0.2969460618116889,-0.5198475554266468
therapist,1158.2375,1144.3625,-0.19697876140846926,-0.4450342156109004
toddler,1052.075,1090.025,-0.31546347555498333,-0.5289673858463768
traditionalist,1099.275,1072.9375,-0.7732117764427737,-0.9787911862185918
trainer,1229.125,1171.0625,-0.26685869186556593,-0.5348477182342293
translator,1061.6625,1072.2875,-0.23739180288628003,-0.4757711490742342
tree,1074.7,1057.45,-0.8878465019205637,-0.9905941653116673
trickster,1225.075,1224.5875,-0.42390945471853103,-0.6610231263686372
tulpa,1146.125,1173.575,-0.31405405393303365,-0.5448806372429367
tutor,1269.6,1270.4875,-0.10049947507895085,-0.3761479670065353
validator,1256.85,1235.6125,-0.1003348206621021,-0.3989749638323995
vampire,1111.5375,1113.7375,-1.1585171455266536,-1.3575128595267798
vegan,1077.075,1098.175,-0.6404214023071415,-0.7974763195110315
veteran,1110.575,1109.025,-0.502309392004298,-0.7280952804879651
veterinarian,1124.225,1120.225,-0.488289974797106,-0.7544898591420923
vigilante,1133.4375,1135.225,-0.4857871173570318,-0.7077004927828542
virtuoso,1188.7875,1143.7875,-0.3267099106361685,-0.5679274216380152
virus,1142.1875,1122.625,-0.5409279293955516,-0.7613545501209973
visionary,1165.95,1206.85,-0.3330167377505821,-0.580023376012405
void,1109.8375,1113.3625,-0.7136351927691156,-0.8597844123237262
wanderer,1160.2125,1166.325,-0.44835663113496504,-0.737159196100162
warrior,1138.8,1111.3,-0.416631684963579,-0.6292744505369459
whale,1133.525,1154.175,-0.6307099180546722,-0.8378262230430207
widow,1098.6625,1091.075,-0.6144366285264595,-0.8536333973389564
wind,1110.5375,1144.825,-0.7760213748437788,-0.8460236493805946
witch,1178.275,1155.6375,-0.9044841357485798,-1.1235867371758794
witness,1164.0875,1127.025,-0.22440295087486012,-0.4899937522364768
workaholic,1151.975,1100.1375,-0.646823096243584,-0.9133066166511331
wraith,1104.9375,1117.9125,-0.9489984495932593,-1.0647206024712406
writer,1261.0125,1231.325,-0.27052880689117786,-0.5018103037584338
zealot,1119.0875,1146.45,-0.5067283411142831,-0.6548480111618094
zeitgeist,1148.9,1224.275,-0.27285471129879013,-0.548452401990613
