item_id,l1_round1_label,l2_round1_label,l1_final_label,l2_final_label,l1_round1_validity,l2_round1_validity,l1_final_validity,l2_final_validity,gold_label,gold_validity,status,resolution
G000,3,1,3,2,ok,ok,ok,ok,3,ok,adjudicated,human_adjudicated
G001,2,3,2,1,ok,ok,ok,unjudgeable,3,ok,adjudicated,human_adjudicated
G002,3,1,3,2,ok,ok,ok,ok,3,ok,adjudicated,human_adjudicated
G003,3,2,3,3,ok,ok,ok,ok,3,ok,resolved,round2_converged
G004,3,3,3,3,ok,ok,ok,ok,3,ok,resolved,round1_agreement
G005,1,1,1,1,ok,ok,ok,ok,1,ok,resolved,round1_agreement
G006,2,1,2,1,ok,ok,ok,ok,2,ok,adjudicated,human_adjudicated
G007,2,2,2,2,ok,ok,ok,ok,2,ok,resolved,round1_agreement
G008,3,2,3,1,ok,ok,ok,ok,3,ok,adjudicated,human_adjudicated
G009,2,2,2,2,ok,ok,ok,ok,2,ok,resolved,round1_agreement
G010,2,2,2,2,ok,ok,ok,ok,2,ok,resolved,round1_agreement
G011,1,1,1,1,ok,ok,ok,ok,1,ok,resolved,round1_agreement
G012,3,1,2,1,ok,ok,ok,ok,3,ok,adjudicated,human_adjudicated
G013,3,2,3,2,ok,ok,ok,ok,3,ok,adjudicated,human_adjudicated
G014,2,1,1,1,ok,ok,ok,ok,1,ok,resolved,round2_converged
G015,1,1,1,1,ok,ok,ok,ok,1,ok,resolved,round1_agreement
G016,3,3,3,3,ok,ok,ok,ok,3,ok,resolved,round1_agreement
G017,1,0,1,1,ok,unjudgeable,ok,ok,1,ok,resolved,round2_converged
G018,3,3,3,3,ok,ok,ok,ok,3,ok,resolved,round1_agreement
G019,2,1,3,1,ok,ok,ok,ok,1,ok,adjudicated,human_adjudicated
G020,2,2,2,2,ok,unjudgeable,ok,ok,2,ok,resolved,round2_converged
G021,2,1,2,1,ok,ok,ok,ok,1,ok,adjudicated,human_adjudicated
G022,3,2,3,3,ok,ok,ok,ok,3,ok,resolved,round2_converged
G023,3,3,3,3,ok,ok,ok,ok,3,ok,resolved,round1_agreement
G024,3,2,2,2,ok,ok,ok,ok,2,ok,resolved,round2_converged
G025,1,0,1,0,ok,unjudgeable,ok,unjudgeable,1,ok,adjudicated,human_adjudicated
G026,2,1,3,1,ok,ok,ok,ok,3,ok,adjudicated,human_adjudicated
G027,2,3,2,3,ok,ok,ok,ok,3,ok,adjudicated,human_adjudicated
G028,1,3,1,2,ok,ok,ok,ok,1,ok,adjudicated,human_adjudicated
G029,2,1,2,1,ok,ok,ok,ok,2,ok,adjudicated,human_adjudicated
G030,1,0,1,1,ok,unjudgeable,ok,ok,1,ok,resolved,round2_converged
G031,2,0,2,0,ok,unjudgeable,ok,unjudgeable,0,unjudgeable,adjudicated,human_adjudicated
G032,3,3,3,3,ok,ok,ok,ok,3,ok,resolved,round1_agreement
G033,1,1,1,1,ok,ok,ok,ok,1,ok,resolved,round1_agreement
G034,3,0,2,0,ok,unjudgeable,ok,unjudgeable,0,unjudgeable,adjudicated,human_adjudicated
G035,1,1,1,1,ok,ok,ok,ok,1,ok,resolved,round1_agreement
G036,2,1,2,2,ok,ok,ok,ok,2,ok,resolved,round2_converged
G037,2,2,2,2,ok,ok,ok,ok,2,ok,resolved,round1_agreement
G038,2,1,2,2,ok,ok,ok,ok,2,ok,resolved,round2_converged
G039,1,1,1,1,ok,ok,ok,ok,1,ok,resolved,round1_agreement
G040,1,1,1,1,ok,ok,ok,ok,1,ok,resolved,round1_agreement
G041,3,3,3,3,ok,ok,ok,ok,3,ok,resolved,round1_agreement
G042,1,3,2,3,ok,ok,ok,unjudgeable,3,ok,adjudicated,human_adjudicated
G043,1,1,1,1,ok,ok,ok,ok,1,ok,resolved,round1_agreement
G044,2,3,2,3,ok,ok,ok,ok,3,ok,adjudicated,human_adjudicated
G045,1,1,1,1,ok,ok,ok,ok,1,ok,resolved,round1_agreement
G046,1,0,1,0,ok,unjudgeable,ok,unjudgeable,1,ok,adjudicated,human_adjudicated
G047,3,3,3,3,ok,ok,ok,ok,3,ok,resolved,round1_agreement
G048,3,3,3,3,ok,ok,ok,ok,3,ok,resolved,round1_agreement
G049,3,2,3,3,ok,ok,ok,ok,3,ok,resolved,round2_converged
G050,1,1,1,1,ok,ok,ok,ok,1,ok,resolved,round1_agreement
G051,2,0,2,1,ok,unjudgeable,ok,ok,0,unjudgeable,adjudicated,human_adjudicated
G052,1,2,1,1,ok,ok,ok,ok,1,ok,resolved,round2_converged
G053,3,2,2,1,ok,ok,ok,ok,1,ok,adjudicated,human_adjudicated
G054,3,2,2,2,ok,ok,ok,ok,2,ok,resolved,round2_converged
G055,1,1,1,1,ok,ok,ok,ok,1,ok,resolved,round1_agreement
G056,1,1,1,1,ok,ok,ok,ok,1,ok,resolved,round1_agreement
G057,1,1,1,1,ok,ok,ok,ok,1,ok,resolved,round1_agreement
G058,2,3,2,3,ok,ok,ok,ok,3,ok,adjudicated,human_adjudicated
G059,1,1,1,1,ok,ok,ok,ok,1,ok,resolved,round1_agreement
G060,1,1,1,1,ok,ok,ok,ok,1,ok,resolved,round1_agreement
G061,3,3,3,3,ok,ok,ok,ok,3,ok,resolved,round1_agreement
G062,1,1,1,1,ok,ok,ok,ok,1,ok,resolved,round1_agreement
G063,2,1,2,1,ok,ok,ok,ok,1,ok,adjudicated,human_adjudicated
G064,3,3,3,3,ok,ok,ok,ok,3,ok,resolved,round1_agreement
G065,3,1,3,3,ok,ok,ok,ok,3,ok,resolved,round2_converged
G066,3,3,3,3,ok,ok,ok,ok,3,ok,resolved,round1_agreement
G067,2,1,2,3,ok,ok,ok,ok,3,ok,adjudicated,human_adjudicated
G068,1,1,1,1,ok,ok,ok,ok,1,ok,resolved,round1_agreement
G069,1,1,1,1,ok,ok,ok,ok,1,ok,resolved,round1_agreement
G070,1,1,1,1,ok,ok,ok,ok,1,ok,resolved,round1_agreement
G071,3,1,3,3,ok,ok,ok,ok,3,ok,resolved,round2_converged
G072,1,1,1,1,ok,ok,ok,ok,1,ok,resolved,round1_agreement
G073,1,1,1,1,ok,ok,ok,ok,1,ok,resolved,round1_agreement
G074,2,1,1,1,ok,ok,ok,ok,1,ok,resolved,round2_converged
G075,1,1,1,1,ok,ok,ok,ok,1,ok,resolved,round1_agreement
G076,2,1,2,1,ok,ok,ok,ok,1,ok,adjudicated,human_adjudicated
G077,3,1,3,3,ok,ok,ok,ok,3,ok,resolved,round2_converged
G078,1,1,1,1,ok,ok,ok,ok,1,ok,resolved,round1_agreement
G079,1,1,1,1,ok,ok,ok,ok,1,ok,resolved,round1_agreement
G080,2,2,2,2,ok,ok,ok,ok,2,ok,resolved,round1_agreement
G081,3,2,3,3,ok,ok,ok,ok,3,ok,resolved,round2_converged
G082,1,1,1,1,ok,ok,ok,ok,1,ok,resolved,round1_agreement
G083,1,0,1,1,ok,unjudgeable,ok,ok,1,ok,resolved,round2_converged
G084,1,1,1,1,ok,ok,ok,ok,1,ok,resolved,round1_agreement
G085,3,1,3,2,ok,ok,ok,ok,3,ok,adjudicated,human_adjudicated
G086,3,1,3,2,ok,ok,ok,ok,1,ok,adjudicated,human_adjudicated
G087,3,2,3,2,ok,ok,ok,ok,2,ok,adjudicated,human_adjudicated
G088,3,3,3,3,ok,ok,ok,ok,3,ok,resolved,round1_agreement
G089,3,1,3,1,ok,ok,ok,ok,3,ok,adjudicated,human_adjudicated
G090,2,1,2,2,ok,ok,ok,ok,2,ok,resolved,round2_converged
G091,1,0,0,0,ok,unjudgeable,ok,ok,0,ok,resolved,round2_converged
G092,1,1,1,1,ok,ok,ok,ok,1,ok,resolved,round1_agreement
G093,2,2,2,2,ok,ok,ok,ok,2,ok,resolved,round1_agreement
G094,1,3,2,3,ok,ok,ok,ok,1,ok,adjudicated,human_adjudicated
G095,1,1,1,1,ok,ok,ok,ok,1,ok,resolved,round1_agreement
G096,3,3,3,3,ok,ok,ok,ok,3,ok,resolved,round1_agreement
G097,2,1,3,2,ok,ok,ok,ok,1,ok,adjudicated,human_adjudicated
G098,3,3,3,3,ok,ok,ok,ok,3,ok,resolved,round1_agreement
G099,2,1,2,1,ok,ok,ok,ok,1,ok,adjudicated,human_adjudicated
G100,3,3,3,3,ok,ok,ok,ok,3,ok,resolved,round1_agreement
G101,3,2,2,2,ok,ok,ok,unjudgeable,1,unjudgeable,adjudicated,human_adjudicated
G102,2,1,2,1,ok,ok,ok,ok,1,ok,adjudicated,human_adjudicated
G103,1,1,1,1,ok,ok,ok,ok,1,ok,resolved,round1_agreement
G104,1,3,1,2,ok,ok,ok,ok,3,ok,adjudicated,human_adjudicated
G105,1,2,1,2,ok,ok,ok,ok,1,ok,adjudicated,human_adjudicated
G106,2,3,2,2,ok,ok,ok,ok,2,ok,resolved,round2_converged
G107,1,1,1,1,ok,ok,ok,ok,1,ok,resolved,round1_agreement
G108,2,3,2,3,ok,ok,ok,ok,1,unjudgeable,adjudicated,human_adjudicated
G109,2,3,2,2,ok,ok,ok,ok,2,ok,resolved,round2_converged
G110,3,3,3,3,ok,ok,ok,ok,3,ok,resolved,round1_agreement
G111,1,1,1,1,ok,ok,ok,ok,1,ok,resolved,round1_agreement
G112,3,2,3,1,ok,ok,ok,ok,3,ok,adjudicated,human_adjudicated
G113,1,2,1,2,ok,ok,ok,ok,2,ok,adjudicated,human_adjudicated
G114,2,0,2,0,ok,unjudgeable,ok,unjudgeable,2,ok,adjudicated,human_adjudicated
G115,3,3,3,3,ok,ok,ok,ok,3,ok,resolved,round1_agreement
G116,3,3,3,3,ok,ok,ok,ok,3,ok,resolved,round1_agreement
G117,2,1,2,3,ok,ok,ok,ok,2,ok,adjudicated,human_adjudicated
G118,3,2,2,2,ok,ok,ok,ok,2,ok,resolved,round2_converged
G119,2,1,2,2,ok,ok,ok,ok,2,ok,resolved,round2_converged
G120,2,3,2,2,ok,ok,ok,ok,2,ok,resolved,round2_converged
G121,1,1,1,1,ok,ok,ok,ok,1,ok,resolved,round1_agreement
G122,1,1,1,1,ok,ok,ok,ok,1,ok,resolved,round1_agreement
G123,3,0,3,0,ok,unjudgeable,ok,unjudgeable,3,ok,adjudicated,human_adjudicated
G124,1,1,1,1,ok,ok,ok,ok,1,ok,resolved,round1_agreement
G125,1,0,1,0,ok,unjudgeable,ok,unjudgeable,0,unjudgeable,adjudicated,human_adjudicated
G126,1,1,1,1,ok,ok,ok,ok,1,ok,resolved,round1_agreement
G127,1,1,1,1,ok,ok,ok,ok,1,ok,resolved,round1_agreement
G128,3,3,3,3,ok,ok,ok,ok,3,ok,resolved,round1_agreement
G129,3,2,3,3,ok,ok,ok,ok,3,ok,resolved,round2_converged
G130,1,1,1,1,ok,ok,ok,ok,1,ok,resolved,round1_agreement
G131,1,1,1,1,ok,ok,ok,ok,1,ok,resolved,round1_agreement
G132,1,1,1,1,ok,ok,ok,ok,1,ok,resolved,round1_agreement
G133,1,0,2,0,ok,unjudgeable,ok,unjudgeable,1,ok,adjudicated,human_adjudicated
G134,2,2,2,2,ok,ok,ok,ok,2,ok,resolved,round1_agreement
G135,2,3,2,3,ok,ok,ok,ok,3,ok,adjudicated,human_adjudicated
G136,3,3,3,3,ok,ok,ok,ok,3,ok,resolved,round1_agreement
G137,1,1,1,1,ok,ok,ok,ok,1,ok,resolved,round1_agreement
G138,3,3,3,3,ok,ok,ok,ok,3,ok,resolved,round1_agreement
G139,3,2,3,2,ok,ok,ok,ok,3,ok,adjudicated,human_adjudicated
G140,3,1,3,1,ok,ok,ok,ok,3,ok,adjudicated,human_adjudicated
G141,2,1,2,1,ok,ok,ok,ok,1,ok,adjudicated,human_adjudicated
G142,3,1,2,1,ok,ok,ok,ok,3,ok,adjudicated,human_adjudicated
G143,3,1,2,1,ok,ok,ok,ok,1,ok,adjudicated,human_adjudicated
G144,1,1,1,1,ok,ok,ok,ok,1,ok,resolved,round1_agreement
G145,1,1,1,1,ok,ok,ok,ok,1,ok,resolved,round1_agreement
G146,1,1,1,1,ok,ok,ok,ok,1,ok,resolved,round1_agreement
G147,1,1,1,1,ok,ok,ok,ok,1,ok,resolved,round1_agreement
G148,1,1,1,1,ok,ok,ok,ok,1,ok,resolved,round1_agreement
G149,2,1,3,1,ok,ok,ok,ok,2,ok,adjudicated,human_adjudicated
G150,2,2,2,2,ok,ok,ok,ok,2,ok,resolved,round1_agreement
G151,2,2,2,2,ok,ok,ok,ok,2,ok,resolved,round1_agreement
G152,1,2,1,3,ok,ok,ok,ok,1,ok,adjudicated,human_adjudicated
G153,3,0,3,0,ok,unjudgeable,ok,unjudgeable,3,ok,adjudicated,human_adjudicated
G154,1,1,1,1,ok,ok,ok,ok,1,ok,resolved,round1_agreement
G155,3,2,3,2,ok,ok,ok,ok,3,ok,adjudicated,human_adjudicated
G156,1,0,1,0,ok,unjudgeable,ok,unjudgeable,1,ok,adjudicated,human_adjudicated
G157,3,3,3,3,ok,ok,ok,ok,3,ok,resolved,round1_agreement
G158,1,1,1,1,ok,ok,ok,ok,1,ok,resolved,round1_agreement
G159,1,1,1,1,ok,ok,ok,ok,1,ok,resolved,round1_agreement
G160,2,2,2,2,ok,ok,ok,ok,2,ok,resolved,round1_agreement
G161,1,1,1,1,ok,ok,ok,ok,1,ok,resolved,round1_agreement
G162,2,2,2,2,ok,ok,ok,ok,2,ok,resolved,round1_agreement
G163,3,1,2,2,ok,ok,ok,ok,2,ok,resolved,round2_converged
G164,3,1,3,1,ok,ok,ok,ok,1,ok,adjudicated,human_adjudicated
G165,2,2,2,2,ok,ok,ok,ok,2,ok,resolved,round1_agreement
G166,3,1,3,1,ok,ok,ok,ok,1,ok,adjudicated,human_adjudicated
G167,1,1,1,1,ok,ok,ok,ok,1,ok,resolved,round1_agreement
G168,3,3,3,3,ok,ok,ok,ok,3,ok,resolved,round1_agreement
G169,3,2,3,2,ok,ok,ok,ok,3,ok,adjudicated,human_adjudicated
G170,1,0,1,3,ok,unjudgeable,ok,ok,0,unjudgeable,adjudicated,human_adjudicated
G171,1,1,1,1,ok,ok,ok,ok,1,ok,resolved,round1_agreement
G172,2,1,2,1,ok,ok,ok,ok,2,ok,adjudicated,human_adjudicated
G173,1,1,1,1,ok,ok,ok,ok,1,ok,resolved,round1_agreement
G174,3,3,3,3,ok,ok,ok,ok,3,ok,resolved,round1_agreement
G175,1,1,1,1,ok,ok,ok,ok,1,ok,resolved,round1_agreement
G176,3,3,3,3,ok,ok,ok,ok,3,ok,resolved,round1_agreement
G177,1,1,1,1,ok,unjudgeable,ok,unjudgeable,1,ok,adjudicated,human_adjudicated
G178,1,1,1,1,ok,ok,ok,ok,1,ok,resolved,round1_agreement
G179,3,1,2,1,ok,ok,ok,ok,1,ok,adjudicated,human_adjudicated
G180,1,1,1,1,ok,ok,ok,ok,1,ok,resolved,round1_agreement
G181,2,1,2,1,ok,ok,ok,ok,2,ok,adjudicated,human_adjudicated
G182,3,2,3,2,ok,ok,ok,ok,3,ok,adjudicated,human_adjudicated
G183,2,3,2,1,ok,ok,ok,ok,3,ok,adjudicated,human_adjudicated
G184,2,1,1,1,ok,ok,ok,ok,1,ok,resolved,round2_converged
G185,1,1,1,1,ok,ok,ok,ok,1,ok,resolved,round1_agreement
G186,2,1,3,3,ok,ok,ok,ok,3,ok,resolved,round2_converged
G187,2,1,2,1,ok,ok,ok,ok,3,ok,adjudicated,human_adjudicated
G188,1,1,1,1,ok,unjudgeable,ok,ok,1,ok,resolved,round2_converged
G189,3,1,3,2,ok,ok,ok,ok,1,ok,adjudicated,human_adjudicated
G190,2,3,3,3,ok,ok,ok,ok,3,ok,resolved,round2_converged
G191,3,3,3,3,ok,ok,ok,ok,3,ok,resolved,round1_agreement
G192,3,2,3,2,ok,ok,ok,ok,3,ok,adjudicated,human_adjudicated
G193,1,1,1,1,ok,ok,ok,ok,1,ok,resolved,round1_agreement
G194,3,3,3,3,ok,ok,ok,ok,3,ok,resolved,round1_agreement
G195,1,3,1,1,ok,ok,ok,ok,1,ok,resolved,round2_converged
G196,2,1,2,1,ok,ok,ok,ok,1,ok,adjudicated,human_adjudicated
G197,1,1,1,1,ok,ok,ok,ok,1,ok,resolved,round1_agreement
G198,3,3,3,3,ok,ok,ok,ok,3,ok,resolved,round1_agreement
G199,3,1,3,1,ok,ok,ok,ok,3,ok,adjudicated,human_adjudicated
G200,3,1,3,3,ok,ok,ok,ok,3,ok,resolved,round2_converged
G201,2,1,2,2,ok,ok,ok,ok,2,ok,resolved,round2_converged
G202,3,3,3,3,ok,ok,ok,ok,3,ok,resolved,round1_agreement
G203,2,2,2,2,ok,ok,ok,ok,2,ok,resolved,round1_agreement
G204,1,1,1,1,ok,ok,ok,ok,1,ok,resolved,round1_agreement
G205,1,2,1,1,ok,unjudgeable,ok,ok,1,ok,resolved,round2_converged
G206,1,1,1,1,ok,ok,ok,ok,1,ok,resolved,round1_agreement
G207,3,3,3,3,ok,ok,ok,ok,3,ok,resolved,round1_agreement
G208,1,1,1,1,ok,ok,ok,ok,1,ok,resolved,round1_agreement
G209,1,0,1,0,ok,unjudgeable,ok,unjudgeable,0,unjudgeable,adjudicated,human_adjudicated
G210,2,3,2,3,ok,ok,ok,ok,3,ok,adjudicated,human_adjudicated
G211,1,1,1,1,ok,ok,ok,ok,1,ok,resolved,round1_agreement
G212,3,3,3,3,ok,ok,ok,ok,3,ok,resolved,round1_agreement
G213,1,1,1,1,ok,ok,ok,ok,1,ok,resolved,round1_agreement
G214,2,1,2,1,ok,ok,ok,ok,2,ok,adjudicated,human_adjudicated
G215,2,2,2,2,ok,ok,ok,ok,2,ok,resolved,round1_agreement
G216,2,2,2,2,ok,ok,ok,ok,2,ok,resolved,round1_agreement
G217,1,1,1,1,ok,ok,ok,ok,1,ok,resolved,round1_agreement
G218,2,1,1,1,ok,unjudgeable,ok,ok,1,ok,resolved,round2_converged
G219,1,1,1,1,ok,ok,ok,ok,1,ok,resolved,round1_agreement
G220,1,1,1,1,ok,ok,ok,ok,1,ok,resolved,round1_agreement
G221,3,3,3,3,ok,ok,ok,ok,3,ok,resolved,round1_agreement
G222,1,1,1,1,ok,ok,ok,ok,1,ok,resolved,round1_agreement
G223,3,3,3,3,ok,ok,ok,ok,3,ok,resolved,round1_agreement
G224,3,3,3,3,ok,ok,ok,ok,3,ok,resolved,round1_agreement
G225,2,1,2,2,ok,ok,ok,ok,2,ok,resolved,round2_converged
G226,3,3,3,3,ok,ok,ok,ok,3,ok,resolved,round1_agreement
G227,1,2,1,1,ok,ok,ok,unjudgeable,1,ok,adjudicated,human_adjudicated
G228,2,1,2,1,ok,ok,ok,ok,2,ok,adjudicated,human_adjudicated
G229,2,2,2,2,ok,ok,ok,ok,2,ok,resolved,round1_agreement
G230,1,1,1,1,ok,ok,ok,ok,1,ok,resolved,round1_agreement
G231,1,1,1,1,ok,ok,ok,ok,1,ok,resolved,round1_agreement
G232,3,3,3,3,ok,ok,ok,ok,3,ok,resolved,round1_agreement
G233,2,1,2,2,ok,ok,ok,ok,2,ok,resolved,round2_converged
G234,2,1,1,1,ok,ok,ok,ok,1,ok,resolved,round2_converged
G235,1,1,1,1,ok,ok,ok,ok,1,ok,resolved,round1_agreement
G236,1,1,1,1,ok,ok,ok,ok,1,ok,resolved,round1_agreement
G237,1,1,1,1,ok,ok,ok,ok,1,ok,resolved,round1_agreement
G238,3,3,3,3,ok,ok,ok,ok,3,ok,resolved,round1_agreement
G239,2,1,2,1,ok,ok,ok,ok,1,ok,adjudicated,human_adjudicated
G240,3,2,3,0,ok,ok,ok,ok,3,ok,adjudicated,human_adjudicated
G241,0,0,0,0,ok,ok,ok,ok,0,ok,resolved,round1_agreement
G242,2,3,2,3,ok,ok,ok,ok,3,ok,adjudicated,human_adjudicated
G243,2,3,2,1,ok,ok,ok,ok,3,ok,adjudicated,human_adjudicated
G244,2,2,2,2,ok,ok,ok,ok,2,ok,resolved,round1_agreement
G245,3,1,3,1,ok,ok,ok,ok,2,ok,adjudicated,human_adjudicated
G246,1,0,2,0,ok,unjudgeable,ok,unjudgeable,0,unjudgeable,adjudicated,human_adjudicated
G247,2,1,2,1,ok,ok,ok,ok,1,ok,adjudicated,human_adjudicated
G248,2,3,2,3,ok,ok,ok,ok,3,ok,adjudicated,human_adjudicated
G249,1,1,1,1,ok,ok,ok,ok,1,ok,resolved,round1_agreement
G250,2,3,2,3,ok,ok,ok,ok,3,ok,adjudicated,human_adjudicated
G251,1,0,1,0,ok,unjudgeable,ok,unjudgeable,0,unjudgeable,adjudicated,human_adjudicated
G252,2,1,1,1,ok,ok,ok,ok,1,ok,resolved,round2_converged
G253,1,2,1,1,ok,ok,ok,ok,1,ok,resolved,round2_converged
G254,3,3,3,3,ok,ok,ok,ok,3,ok,resolved,round1_agreement
G255,2,3,3,3,ok,ok,ok,unjudgeable,2,ok,adjudicated,human_adjudicated
G256,3,3,3,3,ok,ok,ok,ok,3,ok,resolved,round1_agreement
G257,2,1,2,2,ok,ok,ok,ok,2,ok,resolved,round2_converged
G258,1,1,1,1,ok,ok,ok,ok,1,ok,resolved,round1_agreement
G259,2,3,2,2,ok,ok,ok,ok,2,ok,resolved,round2_converged
G260,2,3,2,1,ok,ok,ok,ok,3,ok,adjudicated,human_adjudicated
G261,1,0,2,0,ok,unjudgeable,ok,unjudgeable,0,unjudgeable,adjudicated,human_adjudicated
G262,2,2,2,3,ok,unjudgeable,ok,ok,3,ok,adjudicated,human_adjudicated
G263,0,0,0,0,ok,ok,ok,ok,0,ok,resolved,round1_agreement
G264,3,3,3,3,ok,ok,ok,ok,3,ok,resolved,round1_agreement
G265,2,2,2,2,ok,ok,ok,ok,2,ok,resolved,round1_agreement
G266,3,3,3,3,ok,ok,ok,ok,3,ok,resolved,round1_agreement
G267,1,2,1,1,ok,ok,ok,ok,1,ok,resolved,round2_converged
G268,3,1,2,1,ok,ok,ok,ok,3,ok,adjudicated,human_adjudicated
G269,2,3,2,2,ok,ok,ok,ok,2,ok,resolved,round2_converged
G270,3,2,2,2,ok,ok,ok,ok,2,ok,resolved,round2_converged
G271,2,2,2,2,ok,ok,ok,ok,2,ok,resolved,round1_agreement
G272,3,3,3,3,ok,ok,ok,ok,3,ok,resolved,round1_agreement
G273,2,3,3,1,ok,ok,ok,ok,3,ok,adjudicated,human_adjudicated
G274,2,1,2,1,ok,ok,ok,ok,1,ok,adjudicated,human_adjudicated
G275,3,1,2,2,ok,ok,ok,ok,2,ok,resolved,round2_converged
G276,1,0,1,0,ok,unjudgeable,ok,unjudgeable,0,unjudgeable,adjudicated,human_adjudicated
G277,2,2,2,2,ok,ok,ok,ok,2,ok,resolved,round1_agreement
G278,3,3,3,3,ok,ok,ok,ok,3,ok,resolved,round1_agreement
G279,1,2,1,1,ok,ok,ok,ok,1,ok,resolved,round2_converged
G280,2,2,2,2,ok,ok,ok,ok,2,ok,resolved,round1_agreement
G281,1,1,1,1,ok,ok,ok,ok,1,ok,resolved,round1_agreement
G282,2,2,2,2,ok,ok,ok,ok,2,ok,resolved,round1_agreement
G283,2,1,1,2,ok,ok,ok,ok,1,ok,adjudicated,human_adjudicated
G284,3,3,3,3,ok,ok,ok,ok,3,ok,resolved,round1_agreement
G285,1,1,1,1,ok,ok,ok,ok,1,ok,resolved,round1_agreement
G286,2,3,2,2,ok,ok,ok,ok,2,ok,resolved,round2_converged
G287,2,2,2,2,ok,ok,ok,ok,2,ok,resolved,round1_agreement
G288,3,2,2,2,ok,ok,ok,ok,2,ok,resolved,round2_converged
G289,2,2,2,2,ok,ok,ok,ok,2,ok,resolved,round1_agreement
G290,3,1,3,3,ok,unjudgeable,ok,ok,3,ok,resolved,round2_converged
G291,3,1,3,1,ok,ok,ok,ok,3,ok,adjudicated,human_adjudicated
G292,3,3,3,3,ok,ok,ok,ok,3,ok,resolved,round1_agreement
G293,1,1,1,1,ok,ok,ok,ok,1,ok,resolved,round1_agreement
G294,3,2,2,2,ok,ok,ok,ok,2,ok,resolved,round2_converged
G295,1,0,0,0,ok,ok,ok,ok,0,ok,resolved,round2_converged
G296,1,1,1,1,ok,ok,ok,ok,1,ok,resolved,round1_agreement
G297,3,3,3,3,ok,ok,ok,ok,3,ok,resolved,round1_agreement
G298,3,1,2,2,ok,ok,ok,ok,2,ok,resolved,round2_converged
G299,1,1,1,1,ok,ok,ok,ok,1,ok,resolved,round1_agreement
